,RCH1_1,RCH1_2,RCH1_3,RCH1_4,RCH1_5,RCH1_6,RCH1_7,RCH1_8,RCH1_9,RCH1_10,RCH2_1,RCH2_2,RCH2_3,RCH2_4,RCH2_5,RCH2_6,RCH2_7,RCH2_8,RCH2_9,RCH2_10,RCH3_1,RCH3_2,RCH3_3,RCH3_4,RCH3_5,RCH3_6,RCH3_7,RCH3_8,RCH3_9,RCH3_10,RCH4_1,RCH4_2,RCH4_3,RCH4_4,RCH4_5,RCH4_6,RCH4_7,RCH4_8,RCH4_9,RCH4_10,RCH5_1,RCH5_2,RCH5_3,RCH5_4,RCH5_5,RCH5_6,RCH5_7,RCH5_8,RCH5_9,RCH5_10
18,28.724,28.8192,28.721600000000002,28.721600000000002,28.8192,28.721399999999985,28.720999999999997,28.82000000000002,28.81999999999998,28.81800000000001,33.3156,33.312999999999995,33.2154,33.312999999999995,33.2154,33.11760000000001,33.216,33.31199999999996,33.216,33.412,168.03019999999998,165.5918,163.072,135.81399999999996,148.51400000000004,157.11399999999998,160.33799999999997,160.82600000000014,160.1419999999999,158.97000000000006,167.93019999999999,165.68980000000002,165.70999999999998,166.298,167.27599999999993,168.05599999999998,168.54400000000015,167.9599999999999,166.394,164.53999999999985,168.03019999999998,165.68980000000002,165.61199999999997,166.39600000000004,167.37200000000004,167.9599999999999,168.54400000000015,167.86199999999985,166.2980000000001,164.63599999999997
19,33.5094,33.5084,33.5086,33.703799999999994,33.606,33.801800000000014,33.80199999999998,33.800000000000004,33.9,34.098000000000006,43.376400000000004,43.473,43.570799999999984,43.473000000000006,43.66880000000002,43.66799999999999,43.76599999999997,43.96600000000004,44.06599999999998,44.164,40.5432,40.542399999999994,40.64,40.64000000000001,40.6404,40.83399999999999,40.836000000000006,40.93399999999998,41.13600000000002,41.23200000000002,45.8186,45.91539999999999,45.91539999999999,46.01300000000001,46.11159999999998,46.20800000000003,46.501999999999995,46.605999999999966,46.80200000000001,46.99799999999996,52.852399999999996,52.75399999999999,52.949200000000005,53.242399999999996,53.24200000000001,53.24199999999997,53.64200000000001,53.83599999999999,54.03200000000003,54.32600000000001
20,33.4118,33.5084,33.410799999999995,33.606,33.5086,33.606399999999994,33.704,33.704,33.704,33.9,42.9838,42.98459999999999,42.88699999999999,43.17999999999999,43.08259999999999,43.08200000000002,43.37599999999999,43.37800000000001,43.480000000000004,43.47999999999996,41.6162,41.421600000000005,41.616799999999984,41.61700000000001,41.6164,41.715999999999994,41.812000000000005,42.01000000000001,42.013999999999996,42.013999999999996,46.3072,46.4038,46.50139999999999,46.50160000000001,46.59999999999997,46.696000000000026,46.89399999999999,47.191999999999986,47.192000000000036,47.48599999999996,53.73,53.9262,53.828399999999995,54.02340000000001,53.92600000000001,54.122,54.423999999999985,54.51999999999999,54.81400000000001,54.91200000000003
21,33.607200000000006,33.7038,33.60599999999999,33.8994,33.703799999999994,33.801800000000014,33.80199999999998,33.996,33.996,34.098000000000006,43.474000000000004,43.570800000000006,43.570799999999984,43.668400000000005,43.57000000000002,43.76599999999997,43.86399999999999,43.96600000000004,44.16399999999996,44.164000000000044,40.8364,40.8354,40.93300000000001,41.03079999999999,41.0304,41.032000000000004,41.225999999999985,41.22600000000003,41.427999999999976,41.427999999999976,46.4048,46.4038,46.50160000000001,46.599199999999996,46.50059999999998,46.69799999999999,46.894000000000034,47.093999999999966,47.094000000000015,47.38800000000003,52.364,52.55839999999999,52.6562,52.655400000000014,52.95000000000001,52.85199999999999,53.05399999999998,53.24999999999997,53.54400000000003,53.64199999999997
22,33.2146,33.215399999999995,33.215399999999995,33.2154,33.41080000000001,33.214399999999976,33.31400000000002,33.508,33.508,33.511999999999986,43.081599999999995,43.0822,43.0824,43.17999999999999,43.179799999999986,43.17999999999999,43.37600000000003,43.574,43.47999999999996,43.57799999999998,41.03,40.933,40.9332,41.1284,41.031400000000005,41.12800000000001,41.32399999999996,41.227999999999994,41.42800000000002,41.622,46.991,47.08760000000001,47.18539999999999,47.28300000000001,47.18499999999999,47.477999999999994,47.57800000000003,47.682,47.974000000000004,47.97399999999996,53.143800000000006,53.047,53.2422,53.243000000000016,53.33999999999999,53.43800000000001,53.64,53.73999999999999,54.03200000000003,54.22599999999997
23,33.8986,33.801399999999994,33.703799999999994,33.89919999999999,33.899200000000015,33.89979999999999,33.996,34.09399999999998,34.19400000000001,34.29199999999999,42.3018,42.3006,42.39859999999999,42.39840000000002,42.496600000000015,42.59399999999997,42.59400000000002,42.69399999999997,42.992000000000004,42.891999999999975,40.8364,40.933,40.933,41.03080000000001,41.03080000000001,41.225999999999985,41.225999999999985,41.227999999999994,41.525999999999996,41.52399999999998,46.6978,46.7946,46.79460000000001,46.89239999999999,46.990600000000015,47.086000000000006,47.18799999999996,47.486000000000004,47.582000000000015,47.87799999999995,52.36240000000001,52.265199999999986,52.46079999999999,52.6556,52.558000000000014,52.658,52.956,53.05400000000002,53.25199999999999,53.54199999999993
24,33.900200000000005,34.0946,33.996999999999986,34.094400000000014,34.0946,34.09520000000001,34.28999999999998,34.29000000000002,34.388,34.39000000000001,41.7156,41.6168,41.714600000000004,41.8124,41.91060000000002,41.90999999999998,42.005999999999986,42.01200000000003,42.306,42.209999999999994,40.738600000000005,40.9332,40.93300000000001,41.03079999999999,40.93240000000002,41.129999999999974,41.225999999999985,41.22600000000003,41.427999999999976,41.427999999999976,47.282399999999996,47.087599999999995,47.28300000000001,47.3808,47.3802,47.57599999999997,47.67600000000001,47.974000000000004,47.97399999999996,48.26800000000002,52.5578,52.4606,52.6562,52.655400000000014,52.85199999999999,52.85199999999999,53.152,53.05600000000003,53.444,53.73999999999999
25,33.802600000000005,33.7038,33.801399999999994,33.80160000000001,33.89919999999999,33.89939999999998,33.996,34.09600000000004,34.09399999999998,34.195999999999984,41.7156,41.714600000000004,41.6168,41.8124,41.91060000000002,41.812000000000005,42.103999999999964,42.10800000000003,42.209999999999994,42.308000000000014,40.738600000000005,40.73779999999999,40.73760000000001,40.933,40.835,41.032000000000004,41.02999999999999,41.130000000000024,41.33,41.33,46.5026,46.5992,46.59919999999998,46.79440000000001,46.892599999999995,46.892000000000024,47.28399999999997,47.290000000000006,47.58399999999998,47.876000000000026,51.77779999999999,51.8746,51.874599999999994,52.07100000000002,52.165999999999976,52.16799999999999,52.468,52.664000000000044,52.85999999999999,53.15199999999995
26,34.4846,34.5832,34.583,34.583000000000006,34.6808,34.583399999999976,34.77800000000002,34.68,34.97400000000002,34.88199999999999,41.911,41.910000000000004,41.90999999999999,42.00760000000001,42.007400000000004,42.20399999999999,42.201999999999984,42.20600000000001,42.405999999999985,42.50200000000004,39.9572,40.0538,40.1514,40.05379999999998,40.24980000000002,40.24799999999997,40.348000000000006,40.34599999999999,40.64800000000002,40.54799999999998,45.81699999999999,45.9154,45.7198,46.0132,46.0126,46.112000000000016,46.305999999999955,46.41000000000002,46.50999999999996,46.80200000000001,50.7992,50.6046,50.89780000000001,50.80039999999999,50.993999999999986,50.995999999999995,51.29400000000004,51.39399999999994,51.492000000000004,51.78400000000005
27,27.7494,27.842399999999994,27.744599999999995,27.842199999999995,27.94000000000001,27.842199999999995,27.8424,27.94080000000001,28.035999999999994,28.13599999999998,33.411,33.5084,33.41080000000001,33.60619999999999,33.606,33.60559999999999,33.60600000000002,33.9,33.704,33.90200000000001,32.4364,32.6292,32.5314,32.6294,32.53140000000001,32.727,32.629200000000004,32.92199999999998,32.824000000000005,32.82600000000002,35.560199999999995,35.6576,35.56,35.755399999999995,35.6576,35.85320000000001,35.94999999999997,35.95200000000003,36.14600000000001,36.05399999999999,38.0956,38.2954,38.2954,38.39299999999999,38.4908,38.48980000000002,38.58999999999999,38.686,38.788,38.88799999999999
28,33.507799999999996,33.605999999999995,33.5086,33.703799999999994,33.606,33.507799999999996,33.80200000000002,33.80199999999998,33.80200000000002,33.99799999999997,42.007,42.0076,41.910000000000004,42.1054,42.10599999999997,42.104000000000006,42.302000000000014,42.39999999999999,42.504000000000005,42.59999999999997,41.03,41.03079999999999,41.03080000000001,41.030599999999986,41.1278,41.225999999999985,41.324000000000005,41.326000000000015,41.62400000000002,41.52399999999998,45.7192,45.71999999999999,45.817800000000005,45.81759999999999,46.013400000000026,45.913999999999966,46.308000000000014,46.312,46.510000000000005,46.703999999999986,51.7762,51.7768,51.97240000000001,51.77659999999997,52.26600000000001,52.070000000000014,52.468,52.566000000000024,52.85999999999999,53.05399999999993
29,33.8986,33.801399999999994,33.80160000000001,33.89919999999999,33.99680000000001,33.996399999999994,33.99800000000002,34.09399999999998,34.192,34.195999999999984,43.181000000000004,43.3754,43.37519999999999,43.3754,43.473000000000006,43.47400000000001,43.76599999999997,43.769999999999996,43.87000000000003,44.06599999999998,41.324799999999996,41.3238,41.421600000000005,41.5192,41.518600000000006,41.52,41.713999999999984,41.814000000000014,41.917999999999985,42.10999999999996,46.6962,46.5016,46.696799999999996,46.6968,46.892599999999995,46.989999999999995,47.18599999999999,47.290000000000006,47.58399999999998,47.78000000000002,52.5578,52.656,52.6562,52.85200000000001,52.94799999999999,53.04799999999998,53.34799999999999,53.44600000000001,53.73799999999997,53.93400000000001
30,33.2146,33.215399999999995,33.313,33.2154,33.41079999999999,33.31279999999999,33.508,33.51000000000002,33.40999999999998,33.60800000000004,42.3,42.300799999999995,42.3984,42.39840000000002,42.39839999999997,42.59400000000002,42.59400000000002,42.79199999999999,42.796000000000014,42.992000000000004,42.3,42.3984,42.39859999999999,42.39840000000002,42.496600000000015,42.496,42.69199999999999,42.79199999999999,42.893999999999984,42.989999999999995,47.575399999999995,47.6738,47.6738,47.67380000000001,47.771200000000015,47.86999999999999,47.96800000000001,48.26799999999998,48.36600000000004,48.55999999999998,52.94840000000001,52.75399999999999,53.04680000000001,53.04679999999997,53.24200000000001,53.33999999999999,53.54400000000003,53.64200000000001,53.93400000000001,54.22799999999999
31,33.996199999999995,33.8992,33.996999999999986,33.899200000000015,34.0946,33.89979999999999,34.192,34.192,34.29000000000002,34.389999999999965,42.6908,42.691599999999994,42.69139999999999,42.88700000000001,42.887200000000014,42.88599999999998,42.98600000000001,43.18200000000001,43.28599999999998,43.477999999999994,41.2254,41.2262,41.3238,41.421400000000006,41.32320000000001,41.52,41.52,41.715999999999994,41.915999999999976,41.91600000000002,45.621599999999994,45.62220000000001,45.8178,45.9152,45.8172,45.915999999999976,46.20800000000003,46.411999999999985,46.41000000000002,46.703999999999986,52.16700000000001,52.26539999999999,52.46059999999999,52.363,52.65599999999999,52.75400000000001,52.956,53.25200000000003,53.44599999999993,53.73800000000006
32,33.605399999999996,33.6062,33.70380000000001,33.801599999999986,33.703799999999994,33.605200000000025,33.9,33.996,33.9,34.098000000000006,43.374599999999994,43.277800000000006,43.37519999999999,43.3754,43.473000000000006,43.47400000000001,43.76599999999997,43.769999999999996,43.968,44.066000000000024,41.7138,41.617,41.71459999999999,41.81220000000001,41.81240000000002,41.81199999999996,42.10600000000002,42.01000000000001,42.306,42.209999999999944,46.305800000000005,46.2084,46.30599999999999,46.50160000000001,46.50219999999998,46.696000000000026,46.89399999999999,47.094000000000015,47.289999999999964,47.58399999999998,52.36240000000001,52.363,52.46079999999999,52.557799999999986,52.65599999999999,52.85200000000003,53.05399999999998,53.25199999999999,53.444,53.83800000000001
33,33.8986,33.8992,33.899199999999986,33.99680000000001,33.99700000000001,33.997200000000014,34.09399999999998,34.192,34.29000000000002,34.489999999999995,42.7888,42.88699999999999,42.886799999999994,42.88700000000001,42.88639999999999,43.17999999999999,43.17999999999999,43.282,43.480000000000004,43.67399999999999,41.2254,41.32379999999999,41.128400000000006,41.5192,41.32320000000001,41.52,41.61600000000001,41.81599999999999,41.818,42.01399999999995,47.184599999999996,47.283199999999994,47.282999999999994,47.47840000000001,47.3808,47.477999999999994,47.872,47.87599999999998,48.170000000000044,48.17,51.7762,51.7768,51.97240000000001,51.874599999999994,52.16799999999999,52.16799999999999,52.370000000000026,52.566000000000024,52.76199999999997,52.95800000000001
34,33.8012,33.605999999999995,33.508399999999995,33.704,33.606,33.70439999999999,33.80200000000002,33.89799999999998,33.9,34.00000000000003,42.4954,42.5938,42.5938,42.593799999999995,42.593199999999996,42.69199999999999,42.88799999999999,42.89000000000001,43.088000000000015,43.18599999999994,41.3232,41.4214,41.421600000000005,41.3238,41.51999999999998,41.61600000000001,41.71400000000003,41.61999999999999,41.915999999999976,41.915999999999976,45.81699999999999,45.8176,45.91539999999999,46.01300000000001,46.11099999999999,46.11000000000001,46.308000000000014,46.507999999999996,46.606000000000016,46.89999999999994,51.9716,52.06999999999999,52.06999999999999,52.26440000000001,52.26600000000001,52.36399999999999,52.661999999999985,52.76200000000002,53.05599999999995,53.152000000000044
35,34.7778,34.876,34.87620000000001,34.97379999999999,34.97380000000001,35.0724,34.97399999999997,35.168,35.17000000000001,35.27200000000001,43.7654,43.76619999999999,43.76600000000001,43.961599999999976,43.9608,43.96200000000001,44.15800000000001,44.35599999999997,44.36,44.55400000000002,41.5186,41.5192,41.616799999999984,41.5192,41.71420000000001,41.715999999999994,41.90800000000001,41.91400000000001,42.013999999999996,42.20800000000002,46.5986,46.501400000000004,46.794599999999996,46.794599999999996,46.89280000000002,46.891999999999975,47.18599999999999,47.290000000000006,47.58399999999998,47.682,53.73,53.7308,53.828399999999995,54.024799999999985,54.02200000000001,54.22000000000002,54.522000000000006,54.813999999999965,54.91000000000001,55.30200000000001
36,34.58239999999999,34.6808,34.583,34.6808,34.77840000000001,34.5826,34.97400000000002,34.77799999999998,34.97400000000002,35.17399999999999,43.374599999999994,43.3754,43.47299999999999,43.47320000000001,43.473800000000004,43.56999999999997,43.76600000000001,43.769999999999996,43.968,43.96999999999998,41.03,40.933,41.03079999999999,40.9332,41.12900000000001,41.12800000000001,41.32399999999996,41.227999999999994,41.52400000000003,41.525999999999996,46.0124,46.2084,46.1108,46.306000000000004,46.20839999999999,46.404000000000025,46.59999999999997,46.80200000000001,46.90000000000003,47.191999999999986,53.9254,53.9262,54.2192,54.1212,54.21999999999998,54.41400000000001,54.620000000000026,54.90999999999997,55.01000000000005,55.30200000000001
37,33.507799999999996,33.410599999999995,33.41080000000001,33.508399999999995,33.5086,33.50780000000002,33.704,33.60599999999998,33.80200000000002,33.901999999999965,43.2786,43.277800000000006,43.473000000000006,43.27759999999998,43.473000000000006,43.57000000000002,43.669999999999966,43.769999999999996,43.87000000000003,43.96799999999996,42.1046,42.1054,42.1054,42.20299999999999,42.301599999999986,42.398000000000025,42.39799999999998,42.59600000000003,42.60199999999998,42.794,48.25919999999999,48.357800000000005,48.35759999999999,48.45540000000001,48.55399999999999,48.64999999999999,48.751999999999995,49.04800000000002,49.14799999999997,49.24400000000002,54.5116,54.60999999999999,54.70760000000001,54.70679999999999,54.806,55.100000000000016,55.30200000000001,55.399999999999984,55.693999999999996,55.88800000000003
38,34.8754,34.8762,34.876,34.876200000000004,34.876200000000004,35.07199999999999,34.876,35.07199999999999,35.16800000000004,35.17399999999999,43.56999999999999,43.473,43.47319999999999,43.57060000000001,43.57120000000001,43.76599999999997,43.76600000000001,43.868000000000016,43.96799999999996,44.164,41.5186,41.5192,41.421400000000006,41.61699999999999,41.61780000000002,41.615999999999964,41.812000000000005,41.814000000000014,42.013999999999996,42.013999999999996,47.282399999999996,47.282999999999994,47.3808,47.57599999999999,47.47779999999999,47.576000000000015,47.872,47.974000000000004,48.16999999999996,48.462000000000046,54.70700000000001,54.7076,54.805400000000006,54.806,55.098,55.09999999999997,55.498000000000005,55.49800000000005,55.887999999999934,56.181999999999995
39,33.5094,33.4108,33.606199999999994,33.508399999999995,33.606,33.60719999999999,33.800000000000004,33.704,33.80200000000002,33.901999999999965,43.2786,43.3754,43.375400000000006,43.3754,43.47320000000001,43.66799999999999,43.66799999999999,43.77200000000001,43.96799999999996,43.96800000000005,41.4226,41.4214,41.421600000000005,41.61680000000001,41.51959999999997,41.71400000000003,41.713999999999984,41.91199999999999,42.016000000000005,42.20800000000002,46.8916,46.8922,46.79460000000001,47.08779999999999,47.08780000000001,47.08799999999997,47.38199999999999,47.486000000000004,47.778000000000006,47.876000000000026,53.0478,53.14459999999998,53.144600000000004,53.437,53.33999999999999,53.634,53.64200000000001,53.93400000000001,54.12999999999997,54.32399999999999
40,33.7032,33.7038,33.70380000000001,33.801599999999986,33.89919999999999,33.80240000000001,33.996,33.996,34.09599999999999,34.098000000000006,41.6178,41.617,41.6168,41.910000000000004,41.7144,41.812000000000005,42.10599999999997,42.01000000000001,42.209999999999994,42.30600000000004,40.3478,40.54240000000001,40.44459999999999,40.542200000000015,40.64099999999999,40.64000000000001,40.73599999999997,40.934000000000026,41.038,41.03599999999998,45.9164,46.013,46.1108,46.20840000000001,46.209399999999974,46.306000000000004,46.501999999999995,46.703999999999986,46.703999999999986,47.09400000000006,51.3872,51.4838,51.581399999999995,51.6796,51.873999999999974,52.070000000000014,52.272000000000006,52.46999999999997,52.76000000000005,52.95799999999993
41,33.605399999999996,33.6062,33.410799999999995,33.703799999999994,33.8014,33.606400000000015,33.80199999999998,33.800000000000004,33.9,34.00000000000003,44.15619999999999,44.0592,44.254599999999996,44.25460000000001,44.25540000000001,44.35199999999999,44.45000000000001,44.55199999999997,44.75000000000002,44.848,42.3,42.300799999999995,42.3984,42.39840000000002,42.39839999999997,42.496,42.69200000000004,42.69399999999997,42.894000000000034,42.893999999999984,47.8684,47.7716,47.8692,47.967000000000006,47.967800000000004,48.16199999999999,48.26199999999998,48.560000000000024,48.658,48.85399999999995,54.4138,54.51239999999999,54.51220000000001,54.70760000000001,54.806,54.903999999999975,55.20400000000003,55.30200000000001,55.595999999999975,55.88800000000003
42,33.996199999999995,33.8992,33.89919999999999,34.0946,34.0946,33.99619999999999,34.19400000000001,34.192,34.29000000000002,34.389999999999965,43.181000000000004,43.18,43.27760000000001,43.3754,43.37600000000001,43.37399999999998,43.57199999999999,43.67200000000002,43.77399999999998,43.968,41.9092,42.0078,41.90999999999999,42.00760000000001,42.007400000000004,42.10599999999997,42.398000000000025,42.40200000000001,42.501999999999995,42.600000000000016,47.379999999999995,47.283,47.47859999999999,47.47840000000001,47.67399999999999,47.67399999999999,47.96800000000001,48.07199999999998,48.36600000000004,48.658,54.8046,54.805400000000006,55.000800000000005,54.9032,55.294,55.391999999999975,55.596000000000025,55.792000000000016,56.179999999999986,56.37799999999995
43,33.507799999999996,33.605999999999995,33.5086,33.606,33.60620000000001,33.50939999999998,33.800000000000004,33.80200000000002,33.704,33.999999999999986,42.6908,42.593799999999995,42.69160000000001,42.789199999999994,42.690600000000025,42.78999999999997,42.886000000000024,43.183999999999976,43.08999999999998,43.28400000000001,41.12779999999999,41.1284,41.22620000000001,41.225999999999985,41.32360000000001,41.42199999999998,41.324000000000005,41.52,41.62400000000002,41.818,47.6732,47.77139999999999,47.77159999999999,47.86920000000001,47.868599999999994,48.06599999999999,48.06600000000003,48.366,48.46199999999996,48.658,53.632400000000004,53.7306,53.8286,53.92639999999997,53.92600000000001,54.122,54.42200000000001,54.522000000000006,54.91000000000001,55.107999999999976
44,33.605399999999996,33.6062,33.60599999999999,33.60620000000001,33.80160000000001,33.60659999999997,33.898000000000025,33.80199999999998,33.99800000000002,33.99799999999997,42.3978,42.398399999999995,42.3984,42.49620000000001,42.593199999999975,42.59400000000002,42.69199999999999,42.89000000000001,42.893999999999984,43.088000000000015,40.736999999999995,40.73760000000001,40.64,40.835399999999986,40.836000000000006,40.93200000000001,40.93399999999998,41.130000000000024,41.23199999999998,41.33,46.1118,46.2084,46.30599999999999,46.50160000000001,46.4042,46.695999999999984,46.796000000000014,47.094000000000015,47.194,47.48599999999996,53.143800000000006,53.14459999999998,53.34000000000001,53.437599999999996,53.53599999999998,53.63200000000003,53.935999999999986,54.03199999999999,54.52000000000003,54.71599999999999
45,33.507799999999996,33.410599999999995,33.41080000000001,33.41080000000001,33.60619999999999,33.50780000000002,33.60599999999998,33.704,33.704,33.80399999999999,41.8116,41.8122,41.8124,41.81220000000001,42.00759999999999,42.008,42.10600000000002,42.20399999999999,42.307999999999964,42.50200000000004,40.5418,40.4446,40.34699999999999,40.542200000000015,40.54239999999998,40.64000000000001,40.64000000000001,40.836000000000006,40.842,41.03600000000003,44.547,44.547599999999996,44.547599999999996,44.64540000000001,44.74239999999998,44.842000000000006,44.93800000000001,45.04199999999998,45.336,45.43400000000002,50.50779999999999,50.50700000000001,50.8,50.70319999999999,50.89600000000001,50.897999999999975,51.19600000000002,51.19999999999995,51.492000000000004,51.68600000000003
46,33.605399999999996,33.5084,33.60620000000001,33.60619999999999,33.606,33.605800000000016,33.80199999999998,33.80200000000002,33.89799999999998,33.999999999999986,40.639199999999995,40.64,40.64,40.64000000000001,40.736799999999974,40.836000000000006,40.836000000000006,41.032000000000004,41.23200000000002,41.13399999999996,40.248599999999996,40.3468,40.151599999999995,40.346799999999995,40.346199999999996,40.446000000000026,40.54199999999999,40.64000000000001,40.842,40.842,43.8632,44.0592,43.96139999999999,44.05920000000001,44.156999999999975,44.15600000000004,44.35399999999996,44.454000000000036,44.652,44.74999999999998,49.7246,49.725399999999986,49.823000000000015,49.92099999999997,50.01800000000003,50.11600000000001,50.414,50.32000000000001,50.709999999999944,50.90600000000007
47,32.8238,32.922399999999996,32.824600000000004,32.92219999999999,32.92240000000002,32.92219999999999,33.020399999999995,33.11800000000002,33.115999999999964,33.11999999999999,39.8578,39.7606,39.760799999999996,39.956199999999995,39.76060000000001,39.95600000000001,40.05399999999999,40.05399999999999,40.158,40.35200000000003,39.467,39.4676,39.4678,39.467600000000004,39.663000000000004,39.466999999999985,39.76200000000003,39.85799999999999,39.86399999999999,39.96200000000001,43.081599999999995,43.0822,43.0824,43.17999999999999,43.179799999999986,43.27800000000001,43.472,43.576000000000015,43.67399999999999,43.872,47.770799999999994,47.7716,47.77139999999999,47.86920000000001,47.86900000000001,48.06399999999997,48.16600000000002,48.462,48.366,48.55999999999998
48,33.605399999999996,33.7038,33.703799999999994,33.704,33.8014,33.70360000000001,33.9,34.09399999999998,33.996,34.196000000000026,40.443799999999996,40.54240000000001,40.542199999999994,40.64000000000001,40.5416,40.64000000000001,40.737999999999985,40.93399999999998,40.94000000000002,41.03599999999998,39.2716,39.0768,39.272400000000005,39.27219999999998,39.46780000000001,39.36920000000001,39.56599999999999,39.46800000000001,39.66799999999999,39.86399999999999,42.6908,42.691599999999994,42.69139999999999,42.69160000000001,42.886600000000016,42.78999999999997,43.17999999999999,43.18400000000002,43.381999999999984,43.381999999999984,46.8932,46.99,47.0878,47.08759999999998,47.28340000000002,47.282000000000004,47.77399999999998,47.778000000000006,48.07199999999998,48.36600000000004
49,34.289199999999994,34.0946,34.1924,34.29,34.29,34.28979999999999,34.388,34.48600000000002,34.58199999999998,34.684000000000026,40.641,40.8354,40.83519999999999,40.9332,40.83520000000003,40.93399999999998,41.12800000000001,41.129999999999974,41.23200000000002,41.42800000000002,39.1738,39.174600000000005,39.272400000000005,39.17459999999999,39.36999999999999,39.27260000000001,39.46799999999997,39.56400000000002,39.57199999999998,39.76600000000001,42.9838,42.98459999999999,42.88699999999999,43.17999999999999,43.18060000000001,43.17999999999999,43.37399999999998,43.576000000000015,43.67399999999999,43.872,47.575399999999995,47.6738,47.6738,47.67380000000001,47.967200000000005,47.867999999999974,48.16600000000002,48.26799999999998,48.462000000000046,48.75599999999993
50,33.800799999999995,33.7038,33.703799999999994,33.80160000000001,33.89919999999999,33.80080000000001,33.99799999999997,33.898000000000025,34.09599999999999,34.19400000000001,41.4226,41.5192,41.421400000000006,41.714599999999976,41.52020000000003,41.713999999999984,41.812000000000005,41.91199999999999,42.013999999999996,42.209999999999994,40.5416,40.4446,40.639999999999986,40.542200000000015,40.5416,40.836000000000006,40.737999999999985,40.93399999999998,41.03600000000003,41.135999999999974,44.0586,44.0592,44.05920000000001,44.25459999999999,44.156399999999984,44.35200000000003,44.44999999999997,44.55400000000002,44.74999999999998,44.94400000000005,49.1384,49.1394,49.2368,49.23679999999999,49.3346,49.43200000000001,49.730000000000004,49.73199999999998,50.02600000000004,50.12400000000001
51,33.3124,33.4108,33.312999999999995,33.31300000000002,33.508399999999995,33.410399999999996,33.60599999999998,33.51000000000002,33.701999999999984,33.70800000000003,41.8116,41.910000000000004,41.90999999999999,42.00760000000001,41.9108,42.104000000000006,42.20399999999999,42.30199999999997,42.504000000000005,42.501999999999995,41.7138,41.51919999999999,41.61699999999999,41.910000000000004,41.61600000000001,41.90999999999998,41.910000000000025,41.91400000000001,42.306,42.307999999999964,46.8916,46.8922,46.8924,47.08760000000001,46.9902,47.08799999999997,47.38199999999999,47.486000000000004,47.58200000000006,47.87799999999995,50.3108,50.409200000000006,50.50699999999999,50.50700000000001,50.70199999999998,50.604000000000006,50.90400000000002,51.001999999999946,51.298000000000066,51.48999999999999
52,33.7032,33.7038,33.70380000000001,33.801599999999986,33.8014,33.802199999999985,33.996,33.99800000000002,34.09399999999998,34.29200000000003,44.2538,44.2546,44.254599999999996,44.3524,44.45059999999998,44.45000000000001,44.64399999999999,44.848,44.84599999999998,45.23999999999999,41.7156,41.910000000000004,41.90999999999999,42.00760000000001,42.00680000000001,42.10599999999997,42.20399999999999,42.302000000000014,42.504000000000005,42.697999999999944,47.8684,48.0646,47.86920000000001,48.162399999999984,48.1614,48.26000000000001,48.362000000000016,48.55999999999998,48.658,49.04799999999998,53.437,53.53540000000001,53.632999999999996,53.63259999999998,53.92600000000001,54.21999999999998,54.32600000000001,54.71599999999999,55.00800000000003,55.497999999999955
53,33.7048,33.7038,33.80160000000001,33.89919999999999,33.8014,33.89919999999999,33.99800000000002,34.09399999999998,33.996,34.195999999999984,42.887800000000006,42.789199999999994,42.88699999999999,43.0822,42.983799999999995,43.08399999999999,43.18000000000004,43.27999999999999,43.480000000000004,43.578000000000024,42.202600000000004,42.1054,42.1054,42.30079999999998,42.203799999999994,42.300000000000004,42.496,42.59600000000003,42.69799999999999,42.796000000000014,47.086999999999996,47.08760000000001,47.282999999999994,47.283199999999994,47.381200000000014,47.57599999999997,47.67600000000001,48.072000000000024,48.560000000000024,49.34199999999995,53.73,53.7308,53.828399999999995,54.024799999999985,54.02200000000001,54.318,54.42400000000003,54.813999999999965,55.10600000000005,55.301999999999914
54,33.41,33.410799999999995,33.215399999999995,33.508400000000016,33.41079999999999,33.410600000000024,33.60599999999998,33.60599999999998,33.704,33.70600000000001,43.081599999999995,43.0822,43.18000000000001,43.17999999999999,43.1802,43.37599999999999,43.374000000000024,43.67399999999999,43.77200000000001,43.77200000000001,42.593199999999996,42.593799999999995,42.69140000000001,42.69159999999999,42.69199999999999,42.788000000000004,42.98600000000001,43.18200000000001,43.18799999999996,43.28400000000001,47.8684,47.7716,47.96699999999999,48.064400000000006,47.96659999999999,48.35799999999999,48.36,48.658,48.854,49.04999999999999,54.51319999999999,54.61,54.90299999999999,54.80579999999999,55.098,55.296000000000014,55.691999999999986,55.79199999999997,56.278000000000006,56.57399999999999
55,33.8986,33.801399999999994,33.80160000000001,33.99679999999998,33.899200000000015,33.996399999999994,34.09599999999999,33.996,34.192,34.391999999999975,42.9838,42.98459999999999,43.0824,43.17999999999999,43.179199999999994,43.17999999999999,43.37600000000003,43.477999999999994,43.67399999999999,43.67599999999996,41.7138,41.51919999999999,41.714600000000004,41.8124,41.713999999999984,42.008,42.008,42.01000000000001,42.308000000000014,42.403999999999975,46.5986,46.5992,46.50139999999999,46.69700000000001,46.793799999999976,46.892000000000024,47.08999999999999,47.191999999999986,47.48600000000005,47.682,51.9716,51.9722,52.167799999999986,52.168400000000005,52.459999999999994,52.65599999999999,52.858000000000025,53.05599999999999,53.44600000000001,53.73799999999997
56,33.507799999999996,33.5084,33.5084,33.60619999999999,33.606,33.60719999999999,33.702000000000034,33.80199999999998,33.9,33.90200000000001,43.1792,43.17999999999999,43.18000000000001,43.3754,43.37539999999997,43.47400000000001,43.57000000000002,43.867999999999974,44.066000000000024,44.06599999999998,42.1046,42.1054,42.20299999999999,42.3008,42.30020000000001,42.39999999999999,42.592000000000006,42.69599999999998,42.796000000000014,43.088000000000015,47.282399999999996,47.38060000000001,47.283199999999994,47.47840000000001,47.47940000000001,47.67199999999998,47.77399999999998,48.072000000000024,48.16999999999996,48.462000000000046,53.9254,54.02380000000001,54.121599999999994,54.21919999999998,54.41400000000001,54.513999999999996,54.91200000000003,55.105999999999966,55.59600000000007,55.789999999999914
57,33.507799999999996,33.7038,33.60599999999999,33.60620000000001,33.80160000000001,33.60659999999997,33.898000000000025,33.9,33.9,34.09599999999999,44.0602,44.254599999999996,44.0592,44.352199999999996,44.351800000000004,44.35199999999999,44.64600000000001,44.652,44.94399999999996,45.04400000000004,42.6908,42.691599999999994,42.69139999999999,42.88700000000001,42.789199999999994,42.984,42.98600000000001,43.27999999999999,43.28400000000001,43.480000000000004,48.8454,49.041599999999995,48.94379999999999,49.1392,49.23600000000001,49.336,49.53399999999996,49.73200000000002,49.83000000000004,50.221999999999944,55.09780000000001,55.19599999999999,55.29380000000001,55.48839999999997,55.49000000000004,55.68599999999999,56.083999999999975,56.182000000000045,56.571999999999974,56.86599999999995
58,33.019600000000004,32.82459999999999,32.922200000000004,32.9224,33.02,32.92219999999999,33.02099999999999,33.116000000000014,33.11799999999998,33.21800000000001,44.4496,44.45,44.35220000000001,44.54779999999998,44.644400000000005,44.64600000000001,44.83999999999999,45.04200000000002,45.14200000000002,45.53199999999995,42.6908,42.691599999999994,42.7892,42.6914,42.886999999999986,42.886000000000024,43.08399999999999,43.18200000000001,43.28599999999998,43.381999999999984,46.5988,46.4038,46.599199999999996,46.599199999999996,46.69700000000001,46.794000000000004,46.99200000000001,47.093999999999966,47.290000000000056,47.48599999999996,53.339200000000005,53.33999999999999,53.53540000000001,53.63340000000001,53.82799999999999,53.92600000000001,54.32600000000001,54.519999999999946,55.01000000000005,55.30200000000001
59,33.2146,33.117799999999995,33.2152,33.2154,33.313199999999995,33.215799999999994,33.312000000000005,33.508,33.50999999999997,33.60799999999999,41.8116,41.714600000000004,41.8122,41.910000000000004,41.81159999999999,42.10600000000002,42.29999999999996,42.30400000000003,42.405999999999985,42.600000000000016,40.5416,40.5422,40.64,40.64000000000001,40.64019999999997,40.836000000000006,40.83399999999999,41.032000000000004,41.23200000000002,41.329999999999956,47.575399999999995,47.4784,47.771600000000014,47.77139999999999,48.06519999999998,48.26000000000001,48.45799999999998,48.852000000000025,49.04999999999995,50.22200000000003,50.6038,50.6046,50.70240000000001,50.7992,51.09399999999997,51.190000000000026,51.58800000000001,51.68599999999994,52.37199999999999,53.05600000000003
60,33.507799999999996,33.410599999999995,33.41080000000001,33.60619999999999,33.508400000000016,33.50819999999999,33.80200000000002,33.704,33.704,33.901999999999965,41.03,41.03079999999999,41.1284,41.1284,41.22640000000002,41.324000000000005,41.42199999999998,41.61800000000002,41.818,41.819999999999965,39.9554,39.9562,39.956,40.05399999999999,40.0544,40.15,40.25000000000003,40.34799999999996,40.45000000000001,40.54799999999998,43.66779999999999,43.668400000000005,43.6684,43.863800000000005,43.86359999999998,43.96200000000001,44.15599999999999,44.26000000000001,44.55399999999998,44.652000000000044,48.357,48.553,48.553,48.65079999999999,48.846199999999996,49.14000000000001,49.338000000000015,49.634,50.221999999999944,50.61200000000001
61,33.0192,33.117799999999995,33.02,33.11759999999999,33.2154,33.02,33.21599999999998,33.312000000000005,33.412,33.412,40.834599999999995,40.64,40.73779999999999,40.933,40.83459999999999,41.032000000000004,41.03000000000003,41.32599999999997,41.33,41.23200000000002,38.6872,38.58840000000001,38.588399999999986,38.881600000000006,38.783800000000014,38.88059999999997,39.07800000000003,38.97799999999996,39.180000000000035,39.47399999999996,41.8116,41.8122,41.8124,42.00760000000001,41.91020000000001,42.10599999999997,42.300000000000004,42.30399999999999,42.40400000000002,42.69799999999999,45.9146,45.91539999999999,46.1108,46.110800000000005,46.20840000000001,46.501999999999995,46.59999999999997,46.995999999999995,47.194000000000045,47.581999999999965
62,33.5094,33.5084,33.41080000000001,33.703799999999994,33.60620000000001,33.50939999999998,33.800000000000004,33.704,33.9,33.80399999999999,39.5664,39.663,39.7608,39.760799999999996,39.8584,39.95659999999999,40.05399999999999,40.15,40.158,40.15800000000005,38.001599999999996,38.1,38.002199999999995,38.1,38.19760000000001,38.10059999999999,38.294000000000004,38.39399999999999,38.493999999999986,38.69199999999999,40.4442,40.2492,40.44460000000001,40.44459999999999,40.44540000000001,40.54199999999999,40.737999999999985,40.73800000000003,40.842,41.03600000000003,44.2538,44.157,44.35220000000001,44.3524,44.5486,44.64399999999999,44.93800000000001,45.23799999999998,45.336,45.62999999999997
63,33.3124,24.715999999999998,41.8124,33.31300000000002,33.41079999999999,33.31340000000002,33.50799999999996,33.508,33.60600000000002,33.70600000000001,38.784800000000004,38.881600000000006,38.8814,38.97919999999999,39.17459999999999,38.978400000000015,39.27399999999999,39.36999999999999,39.471999999999994,39.76600000000001,37.4154,37.318400000000004,37.513799999999996,37.41620000000001,37.513799999999996,37.612400000000015,37.707999999999984,37.80799999999997,37.90600000000004,38.10599999999997,40.0532,39.955999999999996,39.956199999999995,40.151599999999995,40.053000000000026,40.249999999999986,40.249999999999986,40.54199999999999,40.54800000000003,40.646,43.56999999999999,43.6684,43.66859999999999,43.76600000000001,43.862999999999985,44.05999999999999,44.06000000000003,44.45399999999999,44.652,44.848
64,33.7032,33.801399999999994,33.703799999999994,33.80160000000001,33.801599999999986,33.70439999999999,33.996,33.99800000000002,33.996,34.098000000000006,39.1738,38.9794,39.1744,39.17460000000001,39.27239999999998,39.27140000000002,39.36999999999999,39.56599999999999,39.570000000000014,39.866,38.2946,38.1978,38.29520000000001,38.197799999999994,38.4908,38.39379999999999,38.58800000000002,38.49,38.788,38.78999999999997,40.639199999999995,40.542399999999994,40.64,40.64000000000001,40.73840000000002,40.83399999999999,40.93399999999998,41.032000000000004,41.33,41.33000000000004,45.721,45.8176,45.91539999999999,45.81760000000001,46.01239999999997,46.112000000000016,46.306000000000004,46.41000000000002,46.60799999999994,46.89800000000002
65,33.41,33.313199999999995,33.312999999999995,33.41080000000001,33.4106,33.508400000000016,33.50799999999996,33.704,33.60600000000002,33.90200000000001,41.031800000000004,41.03060000000001,41.22619999999999,41.3238,41.22559999999999,41.324000000000005,41.61800000000002,41.81399999999997,41.818,42.013999999999996,39.1738,39.174600000000005,39.272400000000005,39.17459999999999,39.36999999999999,39.37059999999999,39.56400000000002,39.46800000000001,39.76599999999997,39.96200000000001,43.374599999999994,43.3754,43.375400000000006,43.472999999999985,43.57160000000002,43.56999999999997,43.96200000000001,43.965999999999994,44.26000000000001,44.26199999999998,45.328599999999994,45.32919999999999,45.4268,45.5246,45.524800000000006,45.818000000000005,45.913999999999966,46.118000000000016,46.21599999999999,46.41200000000003
66,34.1918,33.8016,34.0946,33.99700000000001,34.0946,33.996399999999994,34.192,34.29000000000002,34.28999999999998,34.489999999999995,41.32340000000001,41.2262,41.3238,41.421400000000006,41.42119999999998,41.52,41.61600000000001,41.814000000000014,42.013999999999996,42.112000000000016,39.6624,39.5654,39.56519999999999,39.76080000000002,39.85839999999998,39.7618,39.95600000000001,39.95600000000001,40.25399999999997,40.25600000000002,43.1792,43.0824,43.17999999999999,43.27760000000001,43.2768,43.37599999999999,43.57000000000002,43.77199999999996,43.87000000000003,44.066000000000024,47.086999999999996,47.08760000000001,47.282999999999994,47.1854,47.479000000000006,47.477999999999994,47.77399999999998,48.072000000000024,48.26599999999996,48.56199999999999
67,33.605399999999996,33.7038,33.60620000000001,33.703799999999994,33.703799999999994,33.70300000000002,33.9,33.9,34.09399999999998,34.00000000000003,42.4954,42.496199999999995,42.5938,42.593799999999995,42.6908,42.79000000000001,42.984,43.086,43.28399999999996,43.38200000000003,40.639199999999995,40.64,40.64,40.73759999999999,40.83519999999998,40.836000000000006,41.03000000000003,41.032000000000004,41.23199999999998,41.42800000000002,45.133199999999995,45.2314,45.23160000000001,45.23139999999999,45.5244,45.428000000000026,45.719999999999985,45.824,46.118000000000016,46.21399999999998,50.1154,50.01840000000001,50.31159999999999,50.3106,50.41000000000002,50.60399999999996,50.90400000000002,51.00199999999999,51.393999999999984,51.590000000000025
68,33.2146,33.313199999999995,33.2152,33.313199999999995,33.312999999999995,33.21480000000001,33.51000000000002,33.40999999999998,33.60599999999998,33.60800000000004,44.4492,44.547799999999995,44.54760000000001,44.64539999999999,44.64600000000001,44.93800000000001,45.03599999999999,45.23799999999998,45.33600000000004,45.53199999999995,42.6908,42.789199999999994,42.789199999999994,42.789200000000015,42.88759999999998,42.984,43.27800000000001,43.183999999999976,43.480000000000004,43.57599999999997,45.7192,45.8178,45.81759999999999,45.81760000000001,45.91580000000002,46.011999999999986,46.30799999999997,46.31200000000004,46.606000000000016,46.703999999999986,54.1208,54.21920000000001,54.41459999999998,54.41540000000003,54.61,54.70799999999998,55.203999999999986,55.30200000000005,55.693999999999996,56.083999999999975
69,33.8986,33.8992,33.801399999999994,33.89919999999999,34.0946,33.89899999999999,34.29000000000002,34.192,34.192,34.391999999999975,43.56999999999999,43.6684,43.5708,43.7662,43.86459999999999,43.96,44.15800000000001,44.26000000000001,44.55399999999998,44.75000000000002,42.9838,42.98459999999999,42.98460000000001,43.082399999999986,43.08259999999999,43.27800000000001,43.37399999999998,43.47800000000004,43.67399999999999,43.676,47.282399999999996,47.282999999999994,47.3808,47.380599999999994,47.479200000000006,47.576000000000015,47.77199999999997,47.97600000000002,48.07199999999998,48.266000000000005,55.09780000000001,55.098400000000005,55.29379999999999,55.391999999999996,55.68400000000002,55.68599999999999,56.27999999999997,56.474000000000046,56.86599999999995,57.256000000000014
70,33.4104,33.2154,33.312999999999995,33.31300000000002,33.41079999999999,33.31340000000002,33.50799999999996,33.60600000000002,33.508,33.70600000000001,44.742399999999996,44.742999999999995,44.742999999999995,44.9384,44.8412,45.13400000000001,45.22999999999997,45.336,45.53200000000004,45.824,42.593199999999996,42.7892,42.69139999999999,42.789200000000015,42.886999999999986,42.886000000000024,43.08399999999999,43.27999999999999,43.38200000000003,43.480000000000004,47.575399999999995,47.6738,47.576200000000014,47.869199999999985,47.86940000000001,47.77199999999997,48.06600000000003,48.26799999999998,48.462,48.658,56.172399999999996,56.0752,56.270799999999994,56.27160000000002,56.757999999999996,56.76199999999998,57.16000000000001,57.35399999999999,57.842000000000034,58.23399999999994
71,33.2146,33.215399999999995,33.215399999999995,33.2154,33.41080000000001,33.214399999999976,33.51000000000002,33.508,33.508,33.70600000000001,45.0372,45.036,45.23160000000001,45.23139999999999,45.32980000000002,45.425999999999966,45.72000000000003,45.824,45.923999999999985,46.21399999999998,42.3978,42.3006,42.300799999999995,42.593799999999995,42.49700000000001,42.592000000000006,42.88799999999999,42.89000000000001,42.992000000000004,43.088000000000015,49.626999999999995,49.72540000000001,49.82299999999999,49.72460000000001,50.019999999999996,49.92000000000001,50.218,50.417999999999985,50.51399999999999,50.807999999999964,54.8064,55.098400000000005,55.09839999999999,55.294799999999995,55.39000000000001,55.58999999999998,56.084000000000024,56.18000000000003,56.57399999999999,56.961999999999954
72,33.31400000000001,33.313199999999995,33.312999999999995,33.41080000000001,33.4106,33.508400000000016,33.60599999999998,33.704,33.704,33.80399999999999,45.330200000000005,45.52459999999999,45.5246,45.720000000000006,45.720599999999976,46.01200000000003,46.11199999999997,46.41000000000002,46.605999999999966,47.09599999999998,42.3,42.300799999999995,42.30080000000002,42.496,42.39839999999997,42.69200000000004,42.78799999999996,42.89000000000001,43.090000000000025,43.18599999999999,46.9892,46.99,46.98999999999999,47.1854,47.087400000000024,47.28399999999997,47.48000000000001,47.679999999999986,47.87800000000004,48.07199999999998,54.6092,54.70779999999999,54.8052,54.90380000000001,55.19599999999998,55.294,55.88999999999999,56.084000000000024,56.571999999999974,56.964000000000055
73,33.605399999999996,33.7038,33.60620000000001,33.703799999999994,33.801599999999986,33.7032,33.80200000000002,33.996,33.9,34.098000000000006,44.2556,44.352199999999996,44.3524,44.352199999999996,44.645599999999995,44.54799999999999,44.84000000000003,44.84599999999998,45.14200000000002,45.23799999999998,42.886199999999995,42.7892,42.8868,42.98459999999999,43.179199999999994,43.08399999999999,43.276,43.47800000000004,43.67399999999999,43.872,48.4546,48.5532,48.455200000000005,48.748400000000004,48.65060000000001,48.84599999999999,49.046000000000014,49.342,49.43999999999997,49.634,57.54,57.540800000000004,57.6384,57.83479999999999,57.92999999999999,58.132000000000026,58.32999999999995,58.72200000000003,58.91799999999998,59.30800000000005
74,34.387,34.48539999999999,34.38759999999999,34.583000000000006,34.4854,34.485599999999984,34.68,34.68200000000001,34.77800000000002,34.977999999999994,45.230799999999995,45.3292,45.23160000000001,45.426799999999986,45.52559999999999,45.52400000000003,45.913999999999966,46.118000000000016,46.21600000000004,46.605999999999966,42.6926,42.886799999999994,42.98459999999999,42.984600000000015,42.98539999999997,43.276,43.27800000000001,43.477999999999994,43.67399999999999,43.77400000000002,47.282399999999996,47.38060000000001,47.3808,47.478399999999986,47.57580000000001,47.67399999999999,47.96999999999998,48.168000000000035,48.26799999999998,48.46399999999997,54.90240000000001,54.903,55.09839999999999,55.19619999999998,55.294,55.588000000000015,55.88999999999999,56.18000000000003,56.47599999999997,56.962000000000046
75,33.605399999999996,33.6062,33.70380000000001,33.703799999999994,33.801599999999986,33.7032,33.80200000000002,33.996,33.9,34.098000000000006,43.1792,43.0824,43.0822,43.277799999999985,43.180399999999985,43.472,43.57200000000003,43.769999999999996,44.06599999999998,44.164,41.42079999999999,41.2262,41.3238,41.421400000000006,41.5198,41.51799999999999,41.812000000000005,41.81599999999999,41.91600000000002,42.210000000000036,47.086999999999996,46.989999999999995,46.99000000000001,47.28299999999999,47.18599999999999,47.282000000000004,47.48000000000001,47.682,47.87599999999998,48.07199999999998,53.8278,53.92600000000001,53.92619999999999,54.12199999999998,54.41400000000001,54.41600000000002,54.81400000000001,55.00799999999999,55.595999999999975,55.88800000000003
76,33.8986,33.801399999999994,33.80160000000001,33.99679999999998,33.899200000000015,33.898399999999974,34.09600000000004,34.09399999999998,34.192,34.294000000000004,42.594800000000006,42.593799999999995,42.789199999999994,42.789200000000015,43.082999999999984,43.08200000000002,43.37399999999998,43.67399999999999,44.066000000000024,44.35799999999998,41.4212,41.3238,41.3238,41.421400000000006,41.421799999999976,41.61600000000001,41.715999999999994,41.814000000000014,42.013999999999996,42.112000000000016,44.0586,44.0592,44.05920000000001,44.1568,44.1562,44.45000000000001,44.35199999999999,44.55399999999998,44.75000000000002,44.94600000000002,50.1154,50.213800000000006,50.2138,50.311000000000014,50.409999999999975,50.70200000000003,50.90199999999996,51.29800000000002,51.393999999999984,51.881999999999984
77,33.507799999999996,33.410599999999995,33.5086,33.606,33.5086,33.606399999999994,33.704,33.800000000000004,33.704,33.999999999999986,41.12779999999999,41.03060000000001,41.128600000000006,41.225999999999985,41.32300000000002,41.42199999999998,41.61800000000002,41.81399999999997,41.91600000000002,42.307999999999964,39.5646,39.4678,39.663000000000004,39.663000000000004,39.663000000000004,39.66259999999997,39.85800000000004,40.05399999999999,40.05999999999998,40.354,43.081599999999995,43.0822,43.0824,43.27760000000001,43.1802,43.37599999999999,43.374000000000024,43.67399999999999,43.77200000000001,43.86999999999994,47.477799999999995,47.4784,47.57599999999999,47.674000000000014,47.869800000000005,48.06399999999997,48.16400000000001,48.658,48.85400000000004,49.24399999999993
78,33.605399999999996,33.6062,33.5084,33.703799999999994,33.703799999999994,33.606400000000015,33.9,33.800000000000004,33.9,34.098000000000006,40.2502,40.2492,40.347,40.4444,40.5432,40.54199999999999,40.83399999999999,40.836000000000006,41.038,41.23199999999998,38.2946,38.1978,38.393,38.39300000000001,38.39299999999999,38.39260000000002,38.686,38.686,38.885999999999974,38.88799999999999,41.03,41.128400000000006,41.03079999999999,41.1284,41.22640000000002,41.324000000000005,41.42199999999998,41.42199999999998,41.72200000000004,41.818,45.9146,45.91539999999999,46.1108,46.110800000000005,46.20840000000001,46.403999999999975,46.600000000000016,46.995999999999995,46.99799999999996,47.48600000000005
79,33.7032,33.801399999999994,33.60620000000001,33.801599999999986,33.8014,33.802199999999985,33.898000000000025,33.99799999999997,33.898000000000025,34.294000000000004,39.76,39.66299999999999,39.85860000000001,39.8584,39.85799999999997,40.05400000000003,40.249999999999986,40.34599999999999,40.45200000000002,40.64599999999996,38.099199999999996,38.099999999999994,38.197799999999994,38.1,38.19760000000001,38.19739999999998,38.39400000000004,38.39199999999998,38.689999999999976,38.594000000000015,40.248599999999996,40.3468,40.347,40.346799999999995,40.444800000000015,40.54199999999999,40.64000000000001,40.836000000000006,41.038,41.03600000000003,43.7654,43.6684,43.863800000000005,44.05919999999998,43.86319999999999,44.15800000000001,44.35199999999999,44.64999999999999,44.84800000000004,45.04399999999995
80,33.996199999999995,34.0946,34.0946,34.0946,34.19220000000001,34.093799999999995,34.29000000000002,34.48599999999997,34.388,34.586000000000006,40.0532,40.0538,40.1514,40.24919999999999,40.1524,40.44400000000001,40.44400000000001,40.639999999999965,40.842,40.939999999999976,39.2716,39.2722,39.27239999999998,39.2722,39.37000000000002,39.369599999999984,39.46800000000001,39.66400000000001,39.66799999999999,39.86399999999999,39.76,39.858399999999996,39.760799999999996,39.956199999999995,39.95660000000001,39.95600000000001,40.151999999999965,40.24800000000002,40.354,40.45000000000001,43.081599999999995,43.0822,43.0824,43.3754,43.180399999999985,43.374000000000024,43.76600000000001,43.67399999999999,43.968,44.26199999999998
81,33.507799999999996,33.5084,33.5084,33.508399999999995,33.60620000000001,33.6068,33.60599999999998,33.800000000000004,33.704,33.90200000000001,41.6162,41.5192,41.71459999999999,41.81220000000001,41.81179999999998,42.10600000000002,42.300000000000004,42.49999999999998,42.796000000000014,43.088000000000015,38.196999999999996,38.197599999999994,38.2954,38.2954,38.39299999999999,38.39360000000003,38.49,38.58799999999998,38.788,38.79000000000001,40.248599999999996,40.24920000000001,40.249199999999995,40.24920000000001,40.34779999999998,40.54200000000003,40.639999999999965,40.54200000000003,40.939999999999976,40.93799999999996,44.547,44.45,44.45,44.6452,44.7438,44.83999999999999,45.03599999999999,45.14,45.336,45.72799999999999
82,33.3124,33.2154,33.2152,33.313199999999995,33.508399999999995,33.2154,33.508,33.508,33.60599999999998,33.70800000000003,40.934000000000005,41.03079999999999,41.22620000000001,41.1284,41.226599999999976,41.42000000000001,41.61800000000002,41.81399999999997,42.013999999999996,42.112000000000016,39.9554,39.9562,40.053799999999995,40.0538,40.054800000000014,40.24799999999997,40.25000000000003,40.34599999999999,40.55,40.54800000000003,42.9838,43.17999999999999,43.0824,43.17999999999999,43.277800000000006,43.27800000000001,43.472,43.67399999999999,43.67399999999999,43.96799999999996,45.9146,46.0132,45.9152,46.110800000000005,46.306200000000004,46.403999999999975,46.600000000000016,46.899999999999984,47.093999999999966,47.48600000000005
83,33.605399999999996,33.6062,33.5084,33.703799999999994,33.703799999999994,33.70439999999999,33.80200000000002,33.800000000000004,33.99799999999997,33.90200000000001,42.593199999999996,42.691399999999994,42.69160000000001,42.789199999999994,42.886600000000016,42.984,43.17999999999999,43.379999999999974,43.676,43.77200000000001,41.03,41.03079999999999,41.03080000000001,41.1284,41.02999999999999,41.225999999999985,41.324000000000005,41.42399999999999,41.52600000000004,41.622,43.56999999999999,43.570800000000006,43.47299999999999,43.7662,43.66799999999999,43.76600000000001,43.96200000000001,44.16199999999999,44.26199999999998,44.35799999999998,47.5758,47.57599999999999,47.576200000000014,47.77139999999999,47.77259999999998,47.86800000000002,48.26199999999998,48.366,48.560000000000024,48.95199999999997
84,33.507799999999996,33.5084,33.5084,33.60619999999999,33.703800000000015,33.60539999999998,33.80200000000002,33.704,33.9,34.09599999999999,44.547,44.45,44.645199999999996,44.7432,44.93860000000001,45.03599999999999,45.330000000000005,45.52999999999998,45.824,46.21599999999999,40.932399999999994,40.933,40.933,41.128600000000006,41.03099999999999,41.22600000000003,41.32399999999996,41.422000000000025,41.623999999999974,41.81800000000004,45.133199999999995,45.2314,45.0362,45.3292,45.32999999999998,45.52400000000003,45.621999999999964,45.72600000000002,46.019999999999996,46.21599999999999,50.9946,50.89779999999999,51.19060000000002,51.09300000000001,51.385999999999974,51.483999999999995,51.784000000000006,51.881999999999984,52.176000000000045,52.66399999999995
85,33.7032,33.605999999999995,33.80160000000001,33.801599999999986,33.703799999999994,33.801800000000014,33.89799999999998,33.99800000000002,33.89799999999998,34.196000000000026,44.6446,44.645399999999995,44.64539999999999,44.840800000000016,44.93779999999998,45.23200000000003,45.330000000000005,45.72599999999998,46.019999999999996,46.41000000000002,42.1046,42.007799999999996,42.105199999999996,42.1054,42.30099999999999,42.300000000000004,42.496,42.598,42.69799999999999,42.89200000000002,47.282399999999996,47.1854,47.282999999999994,47.3808,47.38039999999999,47.477999999999994,47.77400000000003,47.974000000000004,48.07199999999998,48.36600000000004,52.94840000000001,53.047,53.144600000000004,53.04599999999999,53.43800000000001,53.53599999999998,53.73800000000002,53.935999999999986,54.22599999999997,54.62000000000007
86,33.7048,33.8016,33.70380000000001,33.89919999999999,33.89919999999999,33.89939999999998,33.996,34.09600000000004,34.19199999999996,34.29200000000003,44.744,44.9384,44.938599999999994,45.03600000000001,45.03700000000001,45.22999999999997,45.23200000000003,45.532,45.72599999999998,45.92200000000002,43.8632,43.766000000000005,43.86379999999998,43.9616,43.96139999999999,44.06000000000003,44.15599999999999,44.35799999999998,44.456,44.652,47.477799999999995,47.380599999999994,47.576200000000014,47.673799999999986,47.77160000000002,47.77199999999997,48.06600000000003,48.26799999999998,48.46199999999996,48.658,54.5116,54.60999999999999,54.70760000000001,54.902799999999985,54.90400000000002,55.294,55.498000000000005,55.88800000000003,56.083999999999975,56.47599999999997
87,33.8986,33.7038,33.89920000000001,33.80139999999998,33.899200000000015,33.89979999999999,34.09399999999998,34.09400000000002,34.192,34.195999999999984,44.6446,44.645399999999995,44.64539999999999,44.742999999999995,45.035599999999995,45.13400000000001,45.330000000000005,45.628,45.824,46.21599999999999,43.474000000000004,43.6684,43.5708,43.7662,43.76660000000001,43.76599999999997,44.05800000000002,44.16199999999999,44.36,44.35799999999998,48.3586,48.5532,48.455200000000005,48.65079999999999,48.846199999999996,48.74800000000001,48.94799999999999,49.146,49.342,49.53799999999999,54.31779999999999,54.4146,54.70779999999999,54.60980000000002,54.903999999999975,55.001999999999995,55.40000000000003,55.593999999999966,55.890000000000036,56.179999999999986
88,33.3124,33.4108,33.2152,33.41080000000001,33.312999999999995,33.50780000000002,33.50999999999997,33.60600000000002,33.704,33.80399999999999,45.1348,45.23159999999999,45.2314,45.42699999999999,45.52520000000002,45.62200000000001,45.818000000000005,46.116,46.31400000000001,46.703999999999986,43.081599999999995,43.0822,43.0824,43.27760000000001,43.27819999999998,43.472,43.57200000000003,43.867999999999974,43.968,44.26200000000002,47.772400000000005,47.967,47.966800000000006,48.162399999999984,48.1614,48.26000000000001,48.653999999999975,48.75600000000002,48.95199999999997,49.24400000000002,55.293200000000006,55.293800000000005,55.48919999999999,55.68380000000001,55.782,56.07799999999998,56.47600000000001,56.768000000000015,57.157999999999994,57.64800000000001
89,33.117,33.2154,33.11759999999999,33.2154,33.2154,33.2152,33.31399999999998,33.508,33.312000000000005,33.70600000000001,44.2538,44.2546,44.254599999999996,44.44999999999999,44.547000000000025,44.743999999999986,44.93800000000001,45.14,45.53199999999995,45.92200000000002,42.788599999999995,42.7892,42.7892,42.8868,42.98419999999998,43.08200000000002,43.17999999999999,43.477999999999994,43.67399999999999,43.77399999999998,48.25919999999999,48.260000000000005,48.25999999999999,48.45540000000001,48.45539999999997,48.650000000000034,48.751999999999995,48.95199999999997,49.24400000000002,49.43999999999997,55.09780000000001,55.293800000000005,55.29379999999999,55.58660000000002,55.683999999999976,55.881999999999984,56.37799999999999,56.768000000000065,57.059999999999974,57.84399999999996
90,33.117,33.2154,33.11759999999999,33.11760000000001,33.2154,33.117,33.31399999999998,33.410000000000025,33.412,33.60799999999999,44.7426,44.7432,44.74299999999999,44.9384,44.84079999999999,45.23200000000003,45.52399999999999,45.52999999999998,46.02200000000005,46.409999999999926,41.7138,41.617,41.71459999999999,41.81220000000001,41.81240000000002,41.90999999999998,42.10600000000002,42.20399999999999,42.405999999999985,42.501999999999995,46.9892,46.99,47.0878,47.185199999999995,47.283799999999985,47.380000000000024,47.57799999999999,47.778000000000006,47.97599999999997,48.167999999999985,53.339200000000005,53.33999999999999,53.53540000000001,53.63340000000001,53.92600000000001,53.92599999999996,54.32600000000001,54.61800000000001,54.91200000000003,55.30200000000001
91,33.3124,33.2154,33.2152,33.313199999999995,33.312999999999995,33.21480000000001,33.31399999999998,33.60600000000002,33.508,33.60799999999999,44.937799999999996,44.9384,44.9384,45.036199999999994,45.1332,45.525999999999996,45.52399999999999,45.824,46.019999999999996,46.21599999999999,41.5186,41.5192,41.5192,41.714600000000004,41.714399999999976,41.71400000000003,41.90999999999998,42.10800000000003,42.209999999999994,42.403999999999975,45.621599999999994,45.62220000000001,45.8178,45.7198,45.91459999999998,45.916000000000025,46.207999999999984,46.31400000000001,46.507999999999996,46.703999999999986,51.287800000000004,51.38599999999999,51.48380000000001,51.58240000000001,51.775999999999996,52.06999999999997,52.370000000000026,52.664,53.05400000000002,53.44599999999993
92,33.7032,33.7038,33.70380000000001,33.703799999999994,33.703799999999994,33.801599999999986,33.996,33.99800000000002,33.89799999999998,34.098000000000006,42.2024,42.105399999999996,42.20300000000001,42.39839999999999,42.39879999999998,42.496,42.788000000000004,42.794,43.088000000000015,43.28399999999996,41.8116,41.8122,41.714600000000004,41.910000000000004,42.00759999999999,41.910000000000025,42.20399999999999,42.20399999999999,42.307999999999964,42.60000000000006,44.6446,44.645399999999995,44.64539999999999,44.742999999999995,44.841600000000014,44.93800000000001,45.133999999999965,45.23800000000002,45.53000000000002,45.72799999999999,49.5292,49.53000000000001,49.725399999999986,49.82299999999999,49.92040000000002,50.312,50.51199999999998,50.807999999999964,51.29600000000005,51.68600000000003
93,33.605399999999996,33.6062,33.5084,33.60619999999999,33.8014,33.606400000000015,33.80199999999998,33.800000000000004,33.9,34.098000000000006,40.932399999999994,40.8354,40.83519999999999,41.03080000000001,40.932199999999995,41.032000000000004,41.42199999999998,41.61800000000002,41.71999999999998,41.91600000000002,39.467,39.4676,39.4678,39.467600000000004,39.5654,39.66260000000001,39.761999999999986,39.95600000000001,40.058000000000014,40.15799999999996,43.081599999999995,42.9846,43.0822,43.277799999999985,43.179799999999986,43.27800000000001,43.57000000000002,43.57599999999997,43.87000000000003,43.96799999999996,47.8684,47.967,47.8692,48.1622,48.25919999999999,48.45600000000001,48.751999999999995,48.854,49.34200000000004,49.53599999999998
94,33.605399999999996,33.5084,33.5086,33.606,33.703799999999994,33.605800000000016,33.80199999999998,33.9,33.898000000000025,33.999999999999986,44.15619999999999,44.254599999999996,44.45,44.547599999999996,44.84159999999999,44.93800000000001,45.42600000000001,45.921999999999976,46.899999999999984,48.07200000000007,39.1738,39.077000000000005,39.07679999999999,39.077000000000005,39.36999999999999,39.17540000000002,39.466,39.56599999999999,39.76600000000001,39.86399999999999,42.3,42.300799999999995,42.30080000000002,42.39839999999999,42.594,42.496,42.79000000000001,42.79199999999999,42.989999999999995,43.090000000000025,46.5008,46.5016,46.5992,46.69679999999998,46.89159999999999,46.892000000000024,47.384,47.582000000000015,47.87799999999995,48.266000000000005
95,33.41,33.313199999999995,33.4106,33.41080000000001,33.508399999999995,33.50900000000001,33.508,33.704,33.704,33.80399999999999,40.8364,41.03060000000001,40.9332,41.1284,41.12939999999998,41.42000000000001,41.52,41.52,41.917999999999985,42.013999999999996,39.8578,39.7606,39.85860000000001,39.95599999999999,39.95700000000002,40.05399999999999,40.24799999999997,40.25000000000003,40.54799999999998,40.45000000000001,43.1792,43.17999999999999,43.18000000000001,43.27759999999998,43.27719999999999,43.47400000000001,43.57000000000002,43.867999999999974,43.968,44.066000000000024,48.943200000000004,48.94379999999999,48.846,49.1392,49.2378,49.33399999999999,49.631999999999984,49.92800000000002,50.22199999999999,50.61200000000001
96,33.41,33.410799999999995,33.410799999999995,33.606,33.5086,33.50780000000002,33.704,33.60599999999998,33.9,33.90200000000001,42.1046,42.007799999999996,42.105199999999996,42.3008,42.20360000000001,42.496,42.69199999999999,42.79199999999999,43.18599999999999,43.284000000000056,40.932399999999994,40.933,40.933,41.03080000000001,41.128799999999984,41.12800000000001,41.324000000000005,41.52,41.623999999999974,41.81800000000004,44.5486,44.645399999999995,44.547599999999996,44.7432,44.84119999999998,45.03600000000003,45.133999999999965,45.33400000000003,45.53199999999995,45.82600000000001,49.92,49.82299999999999,49.92080000000001,50.116199999999985,50.312,50.40800000000001,50.806,51.00199999999999,51.393999999999984,51.78599999999997
97,33.8986,33.8992,33.899199999999986,33.99680000000001,33.99700000000001,33.997200000000014,34.09399999999998,34.192,34.29000000000002,34.391999999999975,43.181000000000004,43.18,43.17999999999999,43.473000000000006,43.37600000000001,43.66799999999999,43.66799999999999,44.06399999999997,44.066000000000024,44.456,41.6162,41.6168,41.61699999999999,41.81220000000001,41.7138,42.008,42.008,42.20600000000001,42.403999999999975,42.59999999999997,44.742399999999996,44.840599999999995,44.8408,45.036199999999994,44.84000000000001,45.13400000000001,45.13400000000001,45.433999999999976,45.628,45.72799999999999,50.2132,50.311400000000006,50.31159999999999,50.40980000000001,50.604000000000006,50.70199999999998,51.00000000000002,51.29800000000002,51.48999999999999,51.78599999999997
98,33.41,33.410799999999995,33.410799999999995,33.4106,33.5086,33.50919999999999,33.60600000000002,33.704,33.701999999999984,33.806000000000004,42.788599999999995,42.7892,42.886799999999994,42.789200000000015,43.0822,43.08199999999997,43.17999999999999,43.67200000000002,43.57799999999998,43.87000000000003,43.474000000000004,43.473,43.66859999999999,43.76600000000001,43.76639999999998,43.86399999999999,44.15600000000004,44.25999999999996,44.55400000000002,44.55399999999998,46.7938,46.7946,46.696999999999996,46.8922,46.99039999999999,47.088000000000015,47.28399999999997,47.486000000000004,47.582000000000015,47.87799999999995,54.6092,54.61,54.70779999999999,54.90300000000001,55.19599999999998,55.296000000000014,55.790000000000006,56.084000000000024,56.571999999999974,57.06199999999999
99,33.3124,33.5084,33.313,33.41080000000001,33.508399999999995,33.31300000000002,33.60599999999998,33.704,33.60599999999998,33.80400000000003,44.839999999999996,44.8408,44.9384,44.9384,45.13439999999999,45.23000000000001,45.525999999999996,45.628,45.921999999999976,46.21599999999999,43.277,43.2776,43.18000000000001,43.472999999999985,43.278400000000026,43.66799999999999,43.76599999999997,43.868000000000016,44.06599999999998,44.26199999999998,48.4546,48.455400000000004,48.553,48.55319999999998,48.649799999999985,48.84600000000003,49.045999999999964,49.34200000000004,49.342,49.92799999999997,55.293200000000006,55.58679999999999,55.391600000000004,55.78239999999999,55.782,56.176,56.474000000000004,56.866000000000035,57.25599999999993,57.74600000000003
100,33.31400000000001,33.313199999999995,33.312999999999995,33.41080000000001,33.508399999999995,33.410600000000024,33.50799999999996,33.704,33.60600000000002,33.90200000000001,44.3532,44.547799999999995,44.54760000000001,44.64539999999999,44.743999999999986,44.93800000000001,45.13400000000001,45.432,45.53199999999995,45.92200000000002,45.2326,45.133799999999994,45.329200000000014,45.426799999999986,45.42760000000001,45.52399999999999,45.818000000000005,46.019999999999996,46.11799999999997,46.50800000000004,50.3108,50.409200000000006,50.50699999999999,50.60499999999999,50.8,50.8,51.19600000000002,51.295999999999964,51.688000000000045,51.881999999999984,56.172399999999996,56.172999999999995,56.4662,56.46640000000003,56.85599999999997,56.86,57.45200000000001,57.74599999999999,58.03799999999999,58.82000000000005
101,33.0192,32.922399999999996,32.92220000000001,32.922399999999996,33.02,33.11759999999999,33.11819999999999,33.11800000000002,33.213999999999984,33.31599999999999,45.8186,46.0132,45.9152,46.2086,46.20840000000001,46.501999999999995,46.794000000000004,47.09599999999998,47.191999999999986,47.78000000000002,43.374599999999994,43.3754,43.375400000000006,43.3754,43.57119999999998,43.57000000000002,43.86399999999999,43.965999999999994,44.164,44.26200000000002,48.8454,48.94379999999999,48.9438,49.041599999999995,49.13940000000001,49.23600000000001,49.43599999999999,49.63599999999997,49.83000000000004,50.02599999999999,56.8562,56.954600000000006,57.14999999999999,57.247199999999985,57.444,57.73999999999999,58.23200000000006,58.52799999999991,59.11200000000001,59.60200000000002
102,33.507799999999996,33.410599999999995,33.41080000000001,33.60619999999999,33.60620000000001,33.508400000000016,33.704,33.80199999999998,33.898000000000025,33.901999999999965,46.013999999999996,46.1108,46.3062,46.306000000000004,46.59900000000001,46.501999999999995,46.989999999999995,47.194,47.483999999999945,47.682,44.937799999999996,45.035999999999994,45.0362,45.1338,45.232199999999985,45.42600000000001,45.52399999999999,45.82600000000001,46.312,46.31400000000001,49.628600000000006,49.82299999999999,49.8232,50.01920000000002,50.11599999999996,50.21400000000003,50.51000000000001,50.61399999999998,51.00199999999999,51.19800000000003,59.29840000000001,59.397,59.4946,59.88600000000002,59.98199999999998,60.18400000000001,60.67800000000001,61.06600000000002,61.65399999999996,62.04400000000003
103,33.8986,33.801399999999994,33.703799999999994,33.89919999999999,33.99700000000001,33.802,34.192,33.996,34.192,34.294000000000004,46.7956,46.7946,46.989999999999995,46.989999999999995,47.185799999999986,47.477999999999994,47.57800000000003,47.97399999999996,48.072000000000024,48.55999999999998,44.1578,44.449999999999996,44.3524,44.547599999999996,44.450199999999995,44.74200000000001,44.939999999999976,44.944,45.23800000000002,45.53199999999995,49.33560000000001,49.529999999999994,49.627599999999994,49.72540000000001,49.72540000000001,49.82199999999999,50.22000000000002,50.21999999999998,50.41800000000003,50.807999999999964,58.223800000000004,58.126999999999995,58.32220000000001,58.421000000000014,58.61399999999999,58.914,59.111999999999966,59.60200000000002,59.89399999999998,60.38399999999999
104,33.41,33.410799999999995,33.5084,33.41080000000001,33.60619999999999,33.50780000000002,33.704,33.704,33.80199999999998,33.999999999999986,46.5026,46.5992,46.59919999999998,46.8922,46.9908,47.282000000000004,47.57799999999999,47.778000000000006,48.26800000000002,48.75600000000002,43.66779999999999,43.570600000000006,43.66859999999999,43.76600000000001,43.862999999999985,43.86399999999999,44.15800000000001,44.356000000000016,44.556,44.75000000000002,49.5292,49.53000000000001,49.725399999999986,49.82299999999999,49.8224,50.019999999999996,50.41199999999999,50.516000000000005,50.905999999999985,51.00199999999999,55.4902,55.586800000000004,55.78239999999999,55.880600000000015,56.074,56.176,56.669999999999995,56.86599999999999,57.256000000000014,57.64800000000001
105,34.1916,34.290000000000006,34.192199999999985,34.29000000000002,34.38779999999999,34.290399999999984,34.388,34.484,34.58399999999999,34.586000000000006,45.81699999999999,45.8176,45.91539999999999,46.01300000000001,46.01300000000001,46.207999999999984,46.501999999999995,46.606000000000016,46.89999999999994,47.194,47.284000000000006,47.380799999999994,47.5762,47.47840000000001,47.770599999999995,48.06599999999999,48.36,48.854,50.02599999999999,51.48999999999999,48.8454,48.94379999999999,49.041599999999995,49.04140000000001,49.13979999999998,49.23600000000001,49.53400000000001,49.83,49.93000000000003,50.21999999999993,56.172399999999996,56.466,56.36840000000001,56.563199999999966,56.76000000000001,57.15400000000002,57.45,57.74599999999999,58.23400000000003,58.52599999999999
106,34.4846,34.485400000000006,34.485399999999984,34.583000000000006,34.58319999999999,34.582400000000014,34.77999999999999,34.68,34.97400000000002,34.977999999999994,47.967800000000004,48.0646,48.25999999999999,48.357800000000005,48.649800000000006,48.84599999999999,49.338000000000015,49.04999999999999,52.66399999999995,57.157999999999994,46.10999999999999,46.1108,46.3062,46.4038,46.50120000000002,46.59999999999997,46.989999999999995,47.192000000000036,47.48599999999996,47.87800000000004,47.96619999999999,47.8692,48.0646,48.06459999999999,48.25940000000002,48.16199999999999,48.556,48.658,48.854,49.04999999999999,55.390800000000006,55.48919999999999,55.586800000000004,55.78319999999999,55.97600000000003,56.176,56.571999999999974,56.866000000000035,57.15999999999992,57.646000000000086
107,35.0708,35.071600000000004,35.0714,35.071600000000004,35.0714,35.26719999999999,35.26600000000002,35.36600000000001,35.46199999999997,35.66199999999999,45.230799999999995,45.23159999999999,45.4268,45.42699999999999,45.62180000000002,45.818000000000005,45.915999999999976,46.312,46.605999999999966,46.80200000000001,43.4724,43.3754,43.57059999999999,43.5708,43.766799999999996,43.86399999999999,44.15600000000004,44.25999999999996,44.652,44.848,46.8916,46.989999999999995,46.99000000000001,47.185199999999995,47.087199999999996,47.28400000000001,47.57799999999999,47.778000000000006,47.97399999999996,48.17,53.632400000000004,53.7306,53.8286,53.92639999999997,54.122,54.31600000000003,54.619999999999976,54.81199999999999,55.304000000000016,55.593999999999966
108,34.7778,34.7784,34.77840000000001,34.77839999999998,34.876200000000004,34.7788,35.07199999999999,35.07000000000002,35.17000000000001,35.17399999999999,50.1172,50.4092,50.702200000000005,50.70140000000001,51.28999999999997,51.678000000000026,51.97799999999999,52.85999999999999,54.12999999999997,54.03200000000003,42.9838,43.0824,42.98459999999999,43.3754,43.277800000000006,43.472,43.76600000000001,44.06399999999997,44.36,44.456,49.1384,49.334599999999995,49.43240000000001,49.52999999999999,49.5306,49.72400000000001,50.02399999999998,50.318,50.516000000000005,50.80800000000005,53.82939999999999,53.7308,54.0238,54.12199999999998,54.31600000000003,54.513999999999996,54.81400000000001,55.10600000000001,55.497999999999955,55.88800000000003
109,35.2662,35.267,35.16919999999999,35.36460000000001,35.36459999999999,35.26640000000001,35.55999999999999,35.55999999999999,35.65800000000001,35.85799999999999,46.3072,46.4038,46.5992,46.794599999999996,46.893200000000014,47.08599999999996,47.38200000000003,47.878,48.266000000000005,48.75599999999993,43.1792,43.0824,43.17999999999999,43.27760000000001,43.37479999999998,43.37600000000003,43.66799999999999,43.867999999999974,43.968,44.164000000000044,46.4032,46.5014,46.4038,46.50160000000001,46.695999999999984,46.69799999999999,46.989999999999995,47.096000000000025,47.289999999999964,47.48600000000005,54.903999999999996,55.09839999999999,55.09840000000001,55.39119999999997,55.49000000000004,55.881999999999984,56.083999999999975,56.571999999999974,56.866000000000035,57.45199999999997
110,35.2662,35.3646,35.26699999999999,35.462199999999996,35.36460000000001,35.4614,35.65800000000001,35.657999999999966,35.854000000000006,35.95600000000001,46.9892,47.087799999999994,47.087599999999995,47.3808,47.282599999999995,47.576000000000015,47.872,48.17,48.26599999999996,48.75600000000002,43.9608,43.9616,43.96139999999999,44.157000000000004,44.25520000000002,44.54599999999997,44.54799999999999,44.944,45.044,45.53200000000004,47.96619999999999,47.9668,47.967000000000006,48.1622,48.16180000000001,48.45600000000001,48.45799999999998,48.75600000000002,48.95199999999997,49.24400000000002,56.074600000000004,56.172999999999995,56.36859999999999,56.46579999999999,56.662000000000035,56.95799999999998,57.35399999999999,57.645999999999994,58.13600000000001,58.62400000000001
111,35.2662,35.267,35.266799999999996,35.36459999999999,35.462199999999996,35.46320000000001,35.55999999999999,35.656,35.854000000000006,35.95600000000001,47.575399999999995,47.6738,47.771600000000014,47.9668,48.064400000000006,48.35799999999999,48.556,49.04799999999998,49.24599999999999,49.73200000000002,45.4262,45.4268,45.42699999999999,45.5246,45.719399999999986,45.818000000000005,46.013999999999996,46.21400000000002,46.41199999999994,46.70400000000008,52.364,52.460800000000006,52.85139999999999,54.60979999999999,58.22400000000001,61.158,52.76199999999997,45.433999999999976,54.52000000000003,49.14800000000001,57.735400000000006,57.83379999999999,58.0292,58.22560000000001,58.71200000000001,58.81599999999998,59.40599999999998,59.69800000000003,60.38399999999999,60.97000000000001
112,34.8772,34.876,34.9738,35.071600000000004,35.071600000000004,35.07180000000001,35.26599999999998,35.46200000000002,35.463999999999984,35.66199999999999,46.5026,46.403800000000004,46.5992,46.69679999999998,46.79560000000002,46.891999999999975,47.18599999999999,47.387999999999984,47.486000000000004,47.974000000000046,44.744,44.742999999999995,44.8408,45.036199999999994,45.03600000000001,45.13400000000001,45.42600000000001,45.532,45.72600000000002,45.92399999999994,48.7494,48.94379999999999,48.846199999999996,49.04140000000001,49.13919999999998,49.23600000000001,49.438,49.634,49.83,50.12400000000001,59.3978,59.494599999999984,59.59240000000001,59.98320000000001,60.177999999999976,60.57600000000001,61.06600000000002,61.45800000000001,62.04399999999994,62.63000000000005
113,35.3638,35.364599999999996,35.36459999999999,35.4624,35.36460000000001,35.56000000000002,35.657999999999966,35.65800000000001,35.75400000000002,35.86,47.477799999999995,47.4784,47.47840000000001,47.869199999999985,47.77220000000002,48.16199999999999,48.36,48.75599999999998,49.04799999999998,49.44000000000006,46.0124,46.013,46.013000000000005,46.110800000000005,46.20879999999998,46.306000000000004,46.69799999999999,46.606000000000016,46.995999999999995,47.194,50.9946,51.093199999999996,51.19060000000002,51.28759999999999,51.77800000000001,52.459999999999994,55.39800000000001,53.64199999999997,53.93400000000001,50.614000000000026,59.5932,59.787800000000004,59.88519999999999,60.08180000000001,60.177999999999976,60.57399999999999,60.87199999999999,61.166000000000054,61.74999999999997,62.04400000000003
114,35.2662,35.3646,35.3646,35.266799999999996,35.4624,35.4614,35.65800000000001,35.657999999999966,35.75600000000003,35.95599999999997,48.65,48.65079999999999,48.74840000000001,48.94379999999998,49.041000000000025,49.14000000000001,49.53399999999996,49.73200000000002,49.92799999999997,50.417999999999985,46.0124,45.9154,46.20839999999999,46.20840000000001,46.305399999999985,46.404000000000025,46.59999999999997,46.998000000000005,46.99600000000004,47.38799999999994,49.14020000000001,49.432199999999995,49.529999999999994,49.432399999999994,49.6272,49.824,50.02200000000001,50.22199999999999,50.41600000000002,50.807999999999964,58.126200000000004,58.3222,58.42,58.517599999999966,58.81000000000003,59.01199999999997,59.40599999999998,59.89400000000007,60.18799999999995,60.77399999999997
115,35.5592,35.56,35.65780000000001,35.6576,35.755399999999995,35.755999999999986,35.852,35.95200000000003,36.04799999999999,36.15200000000001,47.086999999999996,47.282999999999994,47.08760000000001,47.3808,47.47759999999999,47.67399999999999,47.872,48.072000000000024,48.36399999999998,48.66000000000001,45.523799999999994,45.42699999999999,45.5246,45.62219999999999,45.81839999999999,45.91400000000001,46.112000000000016,46.21599999999999,46.507999999999996,46.80200000000001,51.7762,51.67919999999999,51.9722,51.97240000000001,52.36399999999999,52.65599999999999,53.346000000000025,54.13000000000001,54.911999999999935,57.744000000000014,58.321600000000004,58.3222,58.61539999999998,58.71280000000001,59.00599999999998,59.30400000000002,59.69999999999995,60.28600000000006,60.57800000000002,61.16399999999995
116,35.0726,35.1692,35.0714,35.267,35.266799999999996,35.267,35.46200000000002,35.46199999999997,35.55999999999999,35.76200000000003,48.1616,48.0646,48.260000000000005,48.553,48.5528,48.74800000000001,49.143999999999984,49.438,49.73399999999999,50.22200000000003,46.10999999999999,46.306200000000004,46.208400000000005,46.20839999999999,46.40300000000001,46.59999999999997,46.69799999999999,46.998000000000005,47.093999999999966,47.38800000000003,52.5578,52.656,52.6562,52.75399999999999,53.144000000000034,53.04799999999998,53.54199999999998,53.64200000000001,54.22799999999999,54.32399999999999,57.1492,57.24779999999999,57.443,57.53999999999999,57.83400000000003,57.935999999999986,58.52599999999999,58.82000000000005,59.30799999999996,59.895999999999994
117,35.5592,35.56,35.55999999999999,35.65780000000001,35.6576,35.853400000000015,35.755999999999986,36.14600000000001,36.04799999999999,36.24999999999998,48.3586,48.650800000000004,48.748400000000004,48.748400000000004,48.84579999999998,49.04199999999999,49.24000000000004,49.63599999999997,49.73200000000002,50.02599999999999,45.7192,45.62239999999999,45.81760000000001,45.81759999999999,45.91519999999998,46.11000000000001,46.209999999999994,46.50800000000004,46.606000000000016,46.80199999999992,52.46000000000001,52.460800000000006,52.65599999999999,52.75320000000001,52.95000000000001,53.04599999999997,53.44600000000001,53.64199999999997,53.93400000000001,54.52000000000003,57.735400000000006,57.83379999999999,58.0292,58.22560000000001,58.51600000000001,58.718,59.20999999999994,59.70000000000004,60.09000000000002,60.87199999999999
