,RCH1_0,RCH1_1,RCH1_2,RCH1_3,RCH1_4,RCH1_5,RCH1_6,RCH1_7,RCH1_8,RCH1_9,RCH1_10,RCH2_0,RCH2_1,RCH2_2,RCH2_3,RCH2_4,RCH2_5,RCH2_6,RCH2_7,RCH2_8,RCH2_9,RCH2_10,RCH3_0,RCH3_1,RCH3_2,RCH3_3,RCH3_4,RCH3_5,RCH3_6,RCH3_7,RCH3_8,RCH3_9,RCH3_10,RCH4_0,RCH4_1,RCH4_2,RCH4_3,RCH4_4,RCH4_5,RCH4_6,RCH4_7,RCH4_8,RCH4_9,RCH4_10,RCH5_0,RCH5_1,RCH5_2,RCH5_3,RCH5_4,RCH5_5,RCH5_6,RCH5_7,RCH5_8,RCH5_9,RCH5_10
18,0.0108,0.15442,0.298516,0.442124,0.585732,0.729828,0.873435,1.01704,1.16114,1.30524,1.44933,0.0108,0.177378,0.343943,0.51002,0.676585,0.842662,1.00825,1.17433,1.34089,1.50697,1.67403,0.0284,0.868551,1.69651,2.51187,3.19094,3.93351,4.71908,5.52077,6.3249,7.12561,7.92046,0.0289,0.868551,1.697,2.52555,3.35704,4.19342,5.0337,5.87642,6.71622,7.54819,8.37089,0.0284,0.868551,1.697,2.52506,3.35704,4.1939,5.0337,5.87642,6.71573,7.54722,8.3704
19,0.0069,0.174447,0.341989,0.509532,0.678051,0.846081,1.01509,1.1841,1.3531,1.5226,1.69309,0.0069,0.223782,0.441147,0.659001,0.876366,1.09471,1.31305,1.53188,1.75171,1.97204,2.19286,0.0069,0.209616,0.412328,0.615528,0.818728,1.02193,1.2261,1.43028,1.63495,1.84063,2.04679,0.0069,0.235993,0.46557,0.695147,0.925212,1.15577,1.38681,1.61932,1.85235,2.08636,2.32135,0.0069,0.271162,0.534932,0.799678,1.06589,1.3321,1.59831,1.86652,2.1357,2.40586,2.67749
20,0.0069,0.173959,0.341501,0.508555,0.676585,0.844128,1.01216,1.18068,1.3492,1.51772,1.68722,0.00642,0.221339,0.436262,0.650697,0.866597,1.08201,1.29742,1.5143,1.73119,1.94859,2.16599,0.00642,0.214501,0.421609,0.629693,0.837778,1.04586,1.25444,1.4635,1.67355,1.88362,2.09369,0.0069,0.238436,0.470455,0.702962,0.93547,1.16847,1.40195,1.63642,1.87238,2.10834,2.34577,0.00642,0.27507,0.544701,0.813843,1.08396,1.35359,1.6242,1.89632,2.16892,2.44299,2.71755
21,0.0069,0.174936,0.343455,0.511485,0.680982,0.849501,1.01851,1.18752,1.3575,1.52748,1.69797,0.0069,0.22427,0.442124,0.659978,0.87832,1.09617,1.315,1.53432,1.75415,1.97497,2.19579,0.0069,0.211082,0.415259,0.619924,0.825078,1.03023,1.23539,1.44152,1.64765,1.85479,2.06193,0.0069,0.238924,0.470943,0.703451,0.936447,1.16895,1.40244,1.63691,1.87238,2.10785,2.34479,0.0069,0.26872,0.531512,0.794793,1.05807,1.32282,1.58708,1.85235,2.1186,2.38632,2.65453
22,0.00642,0.172493,0.33857,0.504647,0.670724,0.837778,1.00385,1.17042,1.33796,1.5055,1.67306,0.00642,0.221828,0.437239,0.652651,0.868551,1.08445,1.30035,1.51723,1.7351,1.9525,2.17039,0.00642,0.21157,0.416235,0.620901,0.826543,1.0317,1.23734,1.44396,1.6501,1.85724,2.06535,0.0069,0.241855,0.477293,0.71322,0.949635,1.18556,1.42295,1.66084,1.89925,2.13912,2.37899,0.00642,0.272139,0.537374,0.803585,1.0698,1.3365,1.60369,1.87189,2.14059,2.41075,2.68188
23,0.00642,0.175913,0.34492,0.513439,0.682935,0.852431,1.02193,1.19191,1.36238,1.53335,1.70481,0.0069,0.218409,0.429912,0.641905,0.853897,1.06638,1.27935,1.49232,1.70579,1.92075,2.13521,0.0069,0.211082,0.415747,0.620412,0.825566,1.03072,1.23685,1.44298,1.64912,1.85675,2.06437,0.0069,0.240389,0.474362,0.708335,0.942797,1.17775,1.41318,1.64912,1.88655,2.12446,2.36385,0.00642,0.268232,0.529558,0.791862,1.05514,1.31793,1.58122,1.846,2.11127,2.37753,2.64524
24,0.0069,0.176401,0.346874,0.516859,0.687331,0.857804,1.02828,1.19973,1.37118,1.54312,1.71507,0.0069,0.215478,0.423562,0.632135,0.841197,1.05075,1.2603,1.47033,1.68039,1.89192,2.10297,0.0069,0.210593,0.415259,0.619924,0.825078,1.02974,1.23539,1.44152,1.64765,1.85479,2.06193,0.00642,0.242832,0.47827,0.714685,0.951589,1.18849,1.42637,1.66475,1.90462,2.14449,2.38583,0.00642,0.269209,0.531512,0.794793,1.05807,1.32233,1.58659,1.85235,2.11763,2.38485,2.65355
25,0.0069,0.175913,0.344432,0.513439,0.682447,0.851943,1.02144,1.19142,1.3619,1.53237,1.70335,0.0069,0.215478,0.424051,0.632135,0.841197,1.05075,1.25981,1.47033,1.68087,1.89192,2.10346,0.0069,0.210593,0.414282,0.61797,0.822635,1.02681,1.23197,1.43712,1.64277,1.84942,2.05607,0.0069,0.239413,0.472409,0.705405,0.939377,1.17384,1.4083,1.64472,1.88117,2.11909,2.35847,0.0069,0.265789,0.525162,0.784535,1.04489,1.30572,1.56656,1.8289,2.09222,2.35652,2.62228
26,0.00642,0.178843,0.351759,0.524674,0.697589,0.870993,1.04391,1.2178,1.3912,1.56607,1.74048,0.0069,0.216455,0.426005,0.635555,0.845593,1.05563,1.26665,1.47766,1.68869,1.90072,2.11323,0.0069,0.206686,0.406955,0.607712,0.807981,1.00923,1.21047,1.41221,1.61394,1.81718,2.01992,0.00642,0.235505,0.465082,0.693681,0.923747,1.15381,1.38437,1.6159,1.84795,2.0805,2.31451,0.00642,0.260416,0.513439,0.767928,1.02193,1.2769,1.53188,1.78835,2.04532,2.30278,2.5617
27,0.0103,0.149047,0.288259,0.426982,0.566193,0.705893,0.845104,0.984316,1.12402,1.2642,1.40488,0.0113,0.178355,0.345897,0.512951,0.680982,0.849012,1.01704,1.18507,1.35457,1.52309,1.6926,0.0108,0.172982,0.336128,0.498785,0.661932,0.824589,0.988224,1.15137,1.31598,1.4801,1.64423,0.0113,0.189101,0.367389,0.545189,0.723966,0.902254,1.08152,1.26127,1.44103,1.62176,1.80203,0.0123,0.202778,0.394255,0.585732,0.777697,0.970151,1.1626,1.35555,1.54898,1.74292,1.93736
28,0.00642,0.173959,0.341989,0.509532,0.678051,0.846081,1.01362,1.18263,1.35164,1.52065,1.69064,0.00642,0.216455,0.426493,0.636043,0.84657,1.0571,1.26762,1.47913,1.69113,1.90365,2.11665,0.00642,0.21157,0.416724,0.621878,0.827031,1.03267,1.2388,1.44542,1.65205,1.86017,2.06779,0.00642,0.235016,0.463616,0.692705,0.921793,1.15186,1.38143,1.61297,1.84453,2.07708,2.3106,0.00642,0.265301,0.524185,0.784047,1.04293,1.30426,1.56461,1.82695,2.08978,2.35408,2.61935
29,0.00642,0.175913,0.34492,0.513928,0.683424,0.853408,1.02339,1.19338,1.36385,1.53481,1.70579,0.0069,0.222805,0.439682,0.656558,0.873435,1.0908,1.30817,1.527,1.74585,1.9652,2.18553,0.0069,0.213524,0.420143,0.627251,0.834847,1.04244,1.25004,1.45861,1.66768,1.87727,2.08782,0.00642,0.239901,0.472409,0.705893,0.939377,1.17384,1.40879,1.64472,1.88117,2.11909,2.35799,0.00642,0.269209,0.532489,0.79577,1.06003,1.32477,1.59001,1.85675,2.12398,2.39267,2.66234
30,0.00642,0.172493,0.33857,0.505135,0.671212,0.838266,1.00483,1.17237,1.33992,1.50697,1.67501,0.00642,0.21792,0.429424,0.641416,0.853408,1.0654,1.27837,1.49134,1.7053,1.91928,2.13424,0.00642,0.21792,0.429912,0.641905,0.853897,1.06638,1.27886,1.49232,1.70628,1.92075,2.1357,0.00642,0.244297,0.482666,0.721035,0.959404,1.19826,1.43761,1.67745,1.91879,2.16062,2.40342,0.00642,0.271162,0.534932,0.800166,1.0654,1.33161,1.59831,1.86603,2.13424,2.40391,2.67505
31,0.00642,0.176401,0.345897,0.515882,0.685378,0.855851,1.02535,1.19631,1.36727,1.53872,1.71067,0.00642,0.219874,0.433332,0.646789,0.861224,1.07566,1.29009,1.50502,1.72093,1.93736,2.15475,0.00642,0.212547,0.418678,0.625297,0.832404,1.03902,1.24662,1.45422,1.6628,1.87238,2.08196,0.00642,0.234528,0.462639,0.691728,0.921304,1.15039,1.37997,1.61101,1.84307,2.07512,2.30864,0.00642,0.267255,0.528582,0.790885,1.0527,1.31598,1.57975,1.84453,2.11079,2.37802,2.64671
32,0.00642,0.174447,0.342478,0.510997,0.680005,0.848524,1.01655,1.18605,1.35603,1.52553,1.69602,0.00642,0.223293,0.439682,0.656558,0.873435,1.0908,1.30817,1.527,1.74585,1.96569,2.18602,0.00642,0.214989,0.423074,0.631647,0.840708,1.04977,1.25883,1.46936,1.67941,1.89094,2.10199,0.00593,0.237459,0.468501,0.700031,0.932539,1.16505,1.39853,1.633,1.86847,2.10492,2.34284,0.00642,0.268232,0.530047,0.792351,1.05514,1.31842,1.58268,1.84795,2.11421,2.38143,2.65062
33,0.00642,0.175913,0.345409,0.514905,0.684889,0.854874,1.02486,1.19533,1.36629,1.53774,1.71019,0.00593,0.219874,0.434309,0.648743,0.863178,1.07761,1.29351,1.50941,1.72582,1.94322,2.16159,0.00642,0.212547,0.419166,0.624808,0.832404,1.03902,1.24662,1.4547,1.66378,1.87287,2.08294,0.00642,0.242343,0.478759,0.715174,0.952566,1.18947,1.42686,1.66622,1.9056,2.14645,2.3873,0.00642,0.265301,0.524185,0.784047,1.04342,1.30426,1.5651,1.82695,2.08978,2.35359,2.61838
34,0.00593,0.174936,0.342966,0.510508,0.679028,0.847058,1.01558,1.18459,1.35408,1.52358,1.69358,0.00642,0.218897,0.431866,0.644835,0.857804,1.07077,1.28423,1.49867,1.71312,1.92856,2.14449,0.00642,0.213036,0.420143,0.627251,0.83387,1.04147,1.24955,1.45812,1.66622,1.8758,2.08538,0.00642,0.235505,0.464593,0.69417,0.924235,1.15479,1.38534,1.61688,1.84942,2.08245,2.31695,0.00642,0.266278,0.526628,0.786978,1.0483,1.30963,1.57145,1.83476,2.09857,2.36385,2.62961
35,0.00642,0.180309,0.354689,0.52907,0.703939,0.878808,1.05417,1.22904,1.40488,1.58073,1.75709,0.00642,0.225247,0.444078,0.662908,0.882716,1.10252,1.32233,1.54312,1.7649,1.9867,2.20947,0.00642,0.214013,0.421609,0.629693,0.837289,1.04586,1.25444,1.46398,1.67355,1.88362,2.09466,0.00642,0.239413,0.47192,0.705893,0.939866,1.17433,1.40879,1.64472,1.88117,2.11909,2.3575,0.00642,0.27507,0.543724,0.812866,1.08299,1.3531,1.6242,1.89681,2.17088,2.44543,2.72194
36,0.00642,0.179332,0.352736,0.525651,0.699055,0.872947,1.04586,1.22073,1.39462,1.56949,1.74536,0.00642,0.223293,0.44017,0.657535,0.874901,1.09227,1.31012,1.52895,1.7478,1.96764,2.18749,0.00642,0.21157,0.416235,0.621389,0.826055,1.0317,1.23734,1.44396,1.6501,1.85772,2.06535,0.00642,0.236482,0.467524,0.698078,0.929608,1.16065,1.39267,1.62567,1.85968,2.09418,2.33014,0.00642,0.276047,0.545678,0.816774,1.08738,1.35848,1.63055,1.90365,2.1782,2.45325,2.72976
37,0.00642,0.173959,0.341012,0.508066,0.675608,0.843151,1.01069,1.17921,1.34724,1.51625,1.68576,0.0069,0.223293,0.439682,0.657047,0.873435,1.0908,1.30865,1.527,1.74585,1.9652,2.18504,0.00642,0.216943,0.42747,0.637997,0.849012,1.06052,1.27251,1.4845,1.69748,1.91049,2.12446,0.00642,0.247716,0.489505,0.731293,0.97357,1.21634,1.45959,1.70335,1.94859,2.19433,2.44055,0.00642,0.278978,0.552028,0.825566,1.0991,1.37313,1.64863,1.92514,2.20214,2.48061,2.76005
38,0.00642,0.180797,0.355178,0.529558,0.703939,0.87832,1.05368,1.22806,1.40342,1.57926,1.75513,0.00642,0.22427,0.441635,0.659001,0.876854,1.09471,1.31354,1.53237,1.75171,1.97155,2.19237,0.00642,0.214013,0.421609,0.628716,0.836801,1.04489,1.25297,1.46203,1.6711,1.88117,2.09124,0.00642,0.242832,0.479247,0.716151,0.954031,1.19142,1.4293,1.66866,1.90853,2.14938,2.39169,0.00642,0.279955,0.553493,0.82752,1.10155,1.37704,1.65254,1.93003,2.20752,2.48696,2.76787
39,0.0069,0.174447,0.341501,0.509532,0.677074,0.845104,1.01314,1.18214,1.35066,1.51967,1.68918,0.0069,0.223293,0.44017,0.657047,0.873924,1.09129,1.30963,1.52797,1.74683,1.96667,2.18651,0.0069,0.214013,0.42112,0.628228,0.836312,1.04391,1.25248,1.46105,1.67061,1.88069,2.09173,0.00642,0.240878,0.475339,0.709312,0.944751,1.18019,1.41563,1.65254,1.88997,2.12886,2.36824,0.0069,0.272139,0.537862,0.803585,1.07077,1.33747,1.60564,1.87385,2.14352,2.41417,2.68579
40,0.00642,0.174936,0.343455,0.511974,0.680982,0.850478,1.01949,1.18947,1.35945,1.52993,1.70042,0.0069,0.214989,0.423074,0.631158,0.840708,1.04928,1.25834,1.46887,1.67892,1.88997,2.1015,0.0069,0.208639,0.411351,0.613574,0.816285,1.01949,1.22269,1.42637,1.63104,1.83623,2.04141,0.0069,0.236482,0.466547,0.697101,0.928143,1.15919,1.39072,1.62323,1.85675,2.09027,2.32574,0.0069,0.263836,0.521255,0.779162,1.03756,1.29693,1.55728,1.81864,2.08099,2.34479,2.60958
41,0.00642,0.174447,0.342478,0.509532,0.678051,0.847058,1.01509,1.1841,1.3531,1.5226,1.6926,0.00642,0.227201,0.447497,0.66877,0.890043,1.11132,1.33308,1.55533,1.77809,2.00184,2.22608,0.00642,0.21792,0.429424,0.641416,0.853408,1.0654,1.27788,1.49134,1.70481,1.91928,2.13375,0.00642,0.245762,0.48462,0.723966,0.963801,1.20364,1.44445,1.68576,1.92856,2.17185,2.41612,0.00642,0.278489,0.551051,0.823612,1.09715,1.37118,1.6457,1.92172,2.19823,2.47621,2.75565
42,0.00642,0.176401,0.345897,0.515393,0.685866,0.856339,1.02632,1.19729,1.36825,1.5397,1.71165,0.0069,0.222805,0.438705,0.655093,0.87197,1.08885,1.30572,1.52358,1.74194,1.96081,2.18065,0.00642,0.215966,0.426005,0.635555,0.845593,1.05563,1.26616,1.47815,1.69016,1.90267,2.11567,0.00642,0.24332,0.479735,0.717128,0.95452,1.19289,1.43126,1.6711,1.91146,2.15329,2.39658,0.00642,0.280443,0.55447,0.829474,1.10399,1.38046,1.65742,1.9354,2.21436,2.49526,2.77715
43,0.00642,0.173959,0.341989,0.509532,0.677562,0.845593,1.01314,1.18214,1.35115,1.51967,1.68967,0.00642,0.219874,0.432843,0.646301,0.860247,1.0737,1.28765,1.50208,1.718,1.93345,2.14987,0.00642,0.212059,0.417701,0.623832,0.829962,1.03658,1.24369,1.45031,1.65791,1.86603,2.07512,0.00642,0.244786,0.483643,0.722501,0.961847,1.20119,1.44152,1.68185,1.92368,2.16599,2.40928,0.00642,0.274582,0.543235,0.812378,1.08201,1.35164,1.62225,1.89436,2.16697,2.44152,2.71706
44,0.00642,0.174447,0.342478,0.510508,0.678539,0.847547,1.01558,1.18507,1.35408,1.52407,1.69406,0.00642,0.218409,0.430401,0.642393,0.854874,1.06784,1.28081,1.49427,1.70872,1.92319,2.13863,0.00642,0.210105,0.413793,0.616993,0.82117,1.02535,1.23001,1.43468,1.64033,1.84649,2.05314,0.0069,0.237459,0.468501,0.700031,0.932539,1.16456,1.39804,1.63202,1.86749,2.10346,2.34089,0.00642,0.272139,0.537862,0.804562,1.07175,1.33943,1.60759,1.87727,2.14743,2.42003,2.69361
45,0.00642,0.173959,0.341012,0.508066,0.67512,0.843151,1.01069,1.17872,1.34724,1.51576,1.68478,0.00642,0.215478,0.424539,0.633601,0.842662,1.0527,1.26274,1.47327,1.68429,1.89583,2.10834,0.00593,0.208639,0.410862,0.612597,0.815308,1.01802,1.22122,1.42442,1.6286,1.83281,2.03799,0.00642,0.229155,0.451893,0.674631,0.897858,1.12157,1.34578,1.57047,1.79568,2.02236,2.24953,0.0069,0.259439,0.511974,0.765974,1.01949,1.27397,1.52846,1.78444,2.04044,2.2979,2.55633
46,0.00642,0.174447,0.341989,0.51002,0.678051,0.846081,1.01411,1.18312,1.35213,1.52162,1.69162,0.00642,0.209616,0.412816,0.616016,0.819216,1.0229,1.22708,1.43126,1.63642,1.84258,2.04825,0.00642,0.207663,0.409397,0.610155,0.811889,1.01362,1.21585,1.41856,1.62176,1.82597,2.03018,0.00642,0.225736,0.446032,0.665839,0.886135,1.10692,1.3277,1.54947,1.77174,1.995,2.21875,0.00642,0.255043,0.50367,0.752785,1.00239,1.25248,1.50306,1.75513,2.00673,2.26028,2.51481
47,0.00642,0.170539,0.335151,0.499274,0.663885,0.828497,0.993108,1.15821,1.3238,1.48938,1.65498,0.00642,0.205709,0.404512,0.603316,0.803097,1.0019,1.20168,1.40195,1.60222,1.80301,2.00477,0.00642,0.203755,0.401093,0.598432,0.79577,0.994085,1.19142,1.39023,1.58952,1.78884,1.98865,0.00642,0.221828,0.437239,0.652651,0.868551,1.08445,1.30084,1.5182,1.73608,1.95445,2.17381,0.00642,0.245274,0.484132,0.722989,0.962335,1.20168,1.442,1.68283,1.92514,2.16697,2.40977
48,0.00642,0.174447,0.342966,0.511485,0.680005,0.849012,1.01753,1.18703,1.3575,1.52748,1.69846,0.00642,0.208639,0.411351,0.614062,0.817262,1.01997,1.22317,1.42686,1.63153,1.83623,2.04141,0.00642,0.202778,0.398162,0.594524,0.790885,0.988224,1.18507,1.3829,1.58024,1.77858,1.9779,0.00642,0.219874,0.433332,0.646789,0.860247,1.07468,1.28863,1.50453,1.72045,1.93736,2.15427,0.0069,0.241366,0.476316,0.711755,0.947193,1.18361,1.42002,1.65889,1.89778,2.13814,2.37997
49,0.00642,0.177866,0.348339,0.519301,0.690751,0.862201,1.03365,1.20559,1.37802,1.55093,1.72435,0.0069,0.210105,0.414282,0.618458,0.823124,1.0273,1.23197,1.43761,1.64326,1.84942,2.05656,0.00642,0.202289,0.398162,0.594524,0.790397,0.987247,1.18361,1.38095,1.57877,1.77663,1.97546,0.00642,0.221339,0.436262,0.650697,0.866597,1.0825,1.2984,1.51527,1.73315,1.95152,2.17088,0.00642,0.244297,0.482666,0.721035,0.959404,1.19924,1.43858,1.67941,1.92075,2.16306,2.40684
50,0.00642,0.175424,0.343943,0.512462,0.68147,0.850966,1.01997,1.18996,1.35945,1.52993,1.7009,0.0069,0.214013,0.421609,0.628716,0.837289,1.04489,1.25346,1.46252,1.67208,1.88215,2.0932,0.00642,0.209128,0.411351,0.614551,0.817262,1.01997,1.22415,1.42784,1.63251,1.83769,2.04337,0.00642,0.226713,0.447009,0.667305,0.888578,1.10936,1.33112,1.55337,1.77614,1.99989,2.22461,0.00642,0.252112,0.497809,0.743993,0.990177,1.23685,1.48401,1.73266,1.98132,2.23145,2.48207
51,0.00642,0.172982,0.340036,0.506601,0.673166,0.840708,1.00776,1.17579,1.34334,1.51185,1.68039,0.00642,0.215478,0.425028,0.634578,0.844616,1.05417,1.26469,1.47571,1.68722,1.89974,2.11225,0.00642,0.214989,0.422585,0.63067,0.84022,1.0483,1.25785,1.4674,1.67697,1.8885,2.10004,0.00642,0.240878,0.475339,0.709801,0.945239,1.18019,1.41563,1.65254,1.88997,2.12788,2.36727,0.00642,0.257974,0.51002,0.762555,1.01509,1.2686,1.52162,1.77614,2.03115,2.28764,2.54509
52,0.00642,0.174936,0.343455,0.511974,0.680982,0.849989,1.019,1.18898,1.35897,1.52944,1.7009,0.00642,0.227689,0.448962,0.670235,0.891997,1.11425,1.3365,1.55972,1.78396,2.00819,2.23439,0.0069,0.215478,0.425028,0.634578,0.844616,1.05465,1.26518,1.4762,1.68771,1.90023,2.11372,0.00642,0.245762,0.486085,0.725431,0.966243,1.20705,1.44835,1.69016,1.93296,2.17625,2.42149,0.00642,0.273605,0.541282,0.809447,1.07761,1.34724,1.61834,1.88997,2.16355,2.43859,2.71608
53,0.0069,0.175424,0.343943,0.512951,0.682447,0.851454,1.02095,1.19094,1.36141,1.53139,1.70237,0.0069,0.221339,0.435285,0.64972,0.865131,1.08005,1.29547,1.51137,1.72777,1.94517,2.16306,0.00593,0.216943,0.42747,0.637997,0.849501,1.06052,1.27202,1.4845,1.69748,1.91097,2.12495,0.00642,0.241855,0.477293,0.713708,0.950124,1.18703,1.42491,1.66329,1.90365,2.14645,2.39316,0.00642,0.27507,0.543724,0.812866,1.08299,1.3531,1.62469,1.89681,2.17088,2.44641,2.72292
54,0.00642,0.17347,0.340524,0.506601,0.674143,0.841197,1.00825,1.17628,1.34431,1.51283,1.68136,0.00642,0.221828,0.437239,0.653139,0.869039,1.08494,1.30182,1.51869,1.73706,1.95592,2.17478,0.00642,0.219386,0.432355,0.645812,0.85927,1.07273,1.28667,1.5016,1.71751,1.93345,2.14987,0.00642,0.245762,0.48462,0.724455,0.964777,1.20461,1.4464,1.6882,1.93149,2.17576,2.42101,0.0069,0.279466,0.552516,0.827031,1.10106,1.37655,1.65303,1.93149,2.21045,2.49184,2.77471
55,0.00642,0.175913,0.34492,0.513928,0.683912,0.853408,1.02339,1.19387,1.36385,1.53481,1.70677,0.00642,0.221339,0.436262,0.651674,0.867574,1.08347,1.29937,1.51625,1.73364,1.95201,2.17039,0.00642,0.214989,0.422585,0.631158,0.84022,1.04879,1.25883,1.46887,1.67892,1.89046,2.10248,0.00642,0.239413,0.472409,0.704916,0.938401,1.17237,1.40683,1.64228,1.87824,2.11567,2.35408,0.00642,0.266278,0.526139,0.786978,1.04782,1.31012,1.5734,1.83769,2.10297,2.3702,2.63889
56,0.00642,0.173959,0.341501,0.509043,0.677074,0.845104,1.01314,1.18165,1.35066,1.52016,1.68967,0.00642,0.222316,0.438216,0.654116,0.870993,1.08787,1.30524,1.52309,1.74243,1.96276,2.18309,0.00642,0.216943,0.42747,0.638485,0.849989,1.06149,1.27349,1.48645,1.69993,1.91391,2.12935,0.00642,0.242832,0.479735,0.716151,0.953543,1.19094,1.4293,1.66817,1.90853,2.14938,2.39169,0.00642,0.276047,0.546166,0.816774,1.08787,1.35994,1.63251,1.90707,2.1826,2.46058,2.73953
57,0.00642,0.173959,0.342478,0.510508,0.678539,0.847547,1.01558,1.18507,1.35457,1.52407,1.69455,0.0069,0.227201,0.448474,0.66877,0.890531,1.11229,1.33405,1.55728,1.78054,2.00526,2.23048,0.00642,0.219874,0.433332,0.646789,0.861224,1.07517,1.29009,1.50502,1.72142,1.93784,2.15524,0.00642,0.250647,0.495855,0.740574,0.98627,1.23245,1.47913,1.7268,1.97546,2.22461,2.47572,0.00642,0.281909,0.557889,0.834358,1.1118,1.38925,1.66768,1.9481,2.22901,2.51187,2.7962
58,0.00593,0.171028,0.335151,0.499762,0.664374,0.829474,0.994085,1.15919,1.32477,1.49036,1.65645,0.00593,0.228178,0.450428,0.672189,0.894928,1.11815,1.34138,1.56558,1.79079,2.0165,2.24416,0.00642,0.219874,0.433332,0.647278,0.860735,1.07517,1.2896,1.50502,1.72093,1.93736,2.15427,0.00593,0.238924,0.470943,0.703939,0.936935,1.17042,1.40439,1.63935,1.87482,2.11127,2.3487,0.00642,0.273116,0.539816,0.807493,1.07566,1.3448,1.61443,1.88606,2.15866,2.43371,2.71022
59,0.00642,0.172493,0.338082,0.504158,0.670235,0.836801,1.00288,1.16944,1.33698,1.50453,1.67257,0.00642,0.215478,0.424051,0.633112,0.842662,1.05172,1.26225,1.47375,1.68527,1.8973,2.1103,0.00642,0.209128,0.411839,0.615039,0.818239,1.02144,1.22562,1.42979,1.63495,1.84111,2.04776,0.00642,0.244297,0.481689,0.720547,0.959404,1.19973,1.44103,1.68332,1.92758,2.17283,2.42394,0.00642,0.259439,0.512462,0.765974,1.01997,1.27544,1.53139,1.78933,2.04776,2.30962,2.5749
60,0.00642,0.173959,0.341012,0.508066,0.676097,0.843639,1.01118,1.18019,1.34871,1.51723,1.68674,0.00642,0.21157,0.416724,0.622366,0.828008,1.03414,1.24076,1.44787,1.65596,1.86505,2.07415,0.00642,0.206197,0.405978,0.605758,0.806028,1.0063,1.20705,1.4083,1.61004,1.81229,2.01503,0.00642,0.224759,0.443101,0.661443,0.880762,1.10008,1.31989,1.54067,1.76197,1.98474,2.208,0.00642,0.248205,0.49097,0.733735,0.976989,1.22122,1.46692,1.71361,1.96178,2.21289,2.46595
61,0.00642,0.171516,0.337105,0.502205,0.667793,0.83387,0.99897,1.16505,1.33161,1.49867,1.66573,0.00642,0.210593,0.413793,0.617482,0.822147,1.02632,1.23148,1.43663,1.64326,1.84991,2.05607,0.0069,0.200336,0.393278,0.58622,0.780628,0.974547,1.16895,1.36434,1.55923,1.75513,1.9525,0.00642,0.215478,0.424539,0.633601,0.843639,1.05319,1.26372,1.47522,1.68674,1.89876,2.11225,0.00642,0.235993,0.46557,0.696124,0.926678,1.15772,1.39023,1.62323,1.85821,2.09418,2.33209
62,0.0069,0.174447,0.341989,0.509043,0.677562,0.845593,1.01314,1.18214,1.35066,1.52016,1.68918,0.0069,0.204732,0.403047,0.601851,0.800655,0.999947,1.19973,1.4,1.60075,1.80154,2.00233,0.00642,0.196428,0.386928,0.576939,0.767439,0.958427,1.14893,1.3404,1.53237,1.72484,1.9183,0.00593,0.208151,0.409397,0.61162,0.813843,1.01607,1.21878,1.42247,1.62616,1.83037,2.03555,0.00642,0.227689,0.448474,0.670235,0.891997,1.11474,1.33796,1.56265,1.78884,2.01552,2.24367
63,0.00642,0.172982,0.296562,0.505624,0.672189,0.839243,1.00581,1.17335,1.34089,1.50892,1.67745,0.0069,0.200824,0.395232,0.589639,0.784535,0.980408,1.1753,1.37167,1.56852,1.76588,1.96471,0.00642,0.193497,0.380089,0.567658,0.754739,0.942308,1.13037,1.31891,1.50795,1.69748,1.88801,0.00642,0.206686,0.406466,0.606247,0.807005,1.00727,1.20852,1.40977,1.61248,1.81522,2.01845,0.00642,0.22427,0.442612,0.660955,0.879785,1.0991,1.3194,1.5397,1.76197,1.98523,2.20947
64,0.00642,0.174936,0.343943,0.512462,0.68147,0.850478,1.019,1.18898,1.35897,1.52895,1.69944,0.00642,0.202289,0.397186,0.593058,0.788931,0.985293,1.18165,1.3785,1.57633,1.77418,1.97351,0.00642,0.197893,0.388882,0.580358,0.771347,0.963801,1.15577,1.34871,1.54116,1.7351,1.92905,0.00642,0.209616,0.412328,0.615528,0.818728,1.02242,1.22659,1.43126,1.63642,1.84307,2.04972,0.0069,0.235505,0.464593,0.69417,0.923258,1.15332,1.38388,1.61541,1.84746,2.0805,2.31499
65,0.00642,0.17347,0.340036,0.506601,0.673655,0.840708,1.00825,1.17579,1.34431,1.51234,1.68185,0.0069,0.212059,0.417212,0.623343,0.829962,1.03609,1.24271,1.4508,1.65987,1.86896,2.07903,0.00642,0.202289,0.398162,0.594524,0.790397,0.987247,1.1841,1.38192,1.57926,1.77809,1.9779,0.00642,0.223293,0.44017,0.657047,0.874412,1.09227,1.31012,1.52993,1.74976,1.97106,2.19237,0.00642,0.233063,0.459709,0.686843,0.914466,1.14209,1.37118,1.60075,1.83134,2.06242,2.29448
66,0.00593,0.176889,0.345897,0.51637,0.686355,0.856828,1.02681,1.19777,1.36922,1.54067,1.71312,0.00593,0.212547,0.418678,0.625297,0.832404,1.03951,1.24711,1.45519,1.66426,1.87433,2.08489,0.00642,0.204732,0.402559,0.600385,0.799189,0.998481,1.19729,1.39707,1.59685,1.79812,1.9994,0.00642,0.222316,0.437728,0.653628,0.870016,1.0864,1.30328,1.52113,1.73999,1.95934,2.17967,0.00642,0.241855,0.477293,0.713708,0.949635,1.18703,1.42442,1.66329,1.90365,2.14498,2.38779
67,0.00642,0.174447,0.342966,0.510997,0.679516,0.848035,1.01655,1.18605,1.35555,1.52602,1.69602,0.00642,0.218897,0.431378,0.644347,0.857316,1.07077,1.28472,1.49964,1.71507,1.93149,2.1484,0.00642,0.209616,0.412816,0.616016,0.819704,1.02388,1.22806,1.43321,1.63837,1.84453,2.05167,0.00642,0.232086,0.458243,0.684401,0.910558,1.13818,1.36532,1.59392,1.82304,2.05363,2.2847,0.00642,0.256997,0.507089,0.758647,1.0102,1.26225,1.51527,1.76979,2.0248,2.28177,2.53972
68,0.00642,0.172493,0.339059,0.505135,0.671701,0.838266,1.00434,1.17189,1.33894,1.50697,1.67501,0.00642,0.228666,0.451405,0.674143,0.89737,1.1206,1.34529,1.57047,1.79666,2.02334,2.251,0.00642,0.219874,0.43382,0.647766,0.861712,1.07615,1.29107,1.50746,1.72338,1.94078,2.15866,0.00642,0.235016,0.464105,0.693193,0.922281,1.15186,1.38192,1.61346,1.84502,2.07805,2.31157,0.00642,0.277024,0.54812,0.820193,1.09227,1.36532,1.63886,1.91488,2.19139,2.46986,2.75028
69,0.00642,0.175913,0.345409,0.514416,0.683912,0.854385,1.02388,1.19533,1.36629,1.53725,1.70921,0.00642,0.22427,0.442612,0.660466,0.879297,1.09862,1.31842,1.53921,1.76051,1.98328,2.20703,0.00642,0.221339,0.436262,0.651185,0.866597,1.08201,1.2984,1.51527,1.73266,1.95103,2.16941,0.00642,0.242832,0.479247,0.716151,0.953054,1.19045,1.42833,1.66719,1.90707,2.14743,2.38876,0.00642,0.281909,0.557401,0.83387,1.11083,1.38925,1.66768,1.94908,2.23145,2.51578,2.80206
70,0.00593,0.172982,0.339059,0.505624,0.672189,0.839243,1.00581,1.17335,1.34138,1.50892,1.67745,0.00642,0.230132,0.453847,0.677562,0.902254,1.12646,1.35213,1.57828,1.80496,2.03262,2.26174,0.00642,0.219386,0.433332,0.646789,0.860735,1.07517,1.2896,1.50502,1.72142,1.93833,2.15573,0.00642,0.244297,0.482666,0.720547,0.959893,1.19924,1.4381,1.67843,1.91977,2.16208,2.40537,0.00642,0.287282,0.567658,0.849012,1.13037,1.41416,1.69797,1.98377,2.27054,2.55975,2.85092
71,0.00642,0.172493,0.33857,0.504647,0.670724,0.837778,1.00385,1.1714,1.33894,1.50648,1.67501,0.0069,0.232086,0.457266,0.683424,0.909581,1.13623,1.36336,1.59196,1.82108,2.0507,2.28177,0.00642,0.218409,0.429912,0.641416,0.854385,1.06687,1.27983,1.49427,1.70872,1.92368,2.13912,0.00642,0.254555,0.503182,0.752297,1.00092,1.25102,1.50062,1.75171,2.0038,2.25637,2.51041,0.0069,0.280932,0.556424,0.831916,1.10839,1.38534,1.66329,1.94371,2.22461,2.50748,2.79229
72,0.0069,0.17347,0.340036,0.506601,0.673655,0.840708,1.00825,1.17628,1.3448,1.51332,1.68234,0.0069,0.233551,0.461174,0.688797,0.917397,1.146,1.37606,1.60662,1.83867,2.0717,2.30718,0.00642,0.21792,0.429424,0.640928,0.853408,1.0654,1.27886,1.4928,1.70725,1.9227,2.13863,0.00642,0.241366,0.476316,0.711266,0.947193,1.18263,1.41905,1.65645,1.89485,2.13424,2.3746,0.00642,0.279466,0.553005,0.827031,1.10155,1.37753,1.654,1.93345,2.21387,2.49673,2.78155
73,0.00642,0.174447,0.342966,0.510997,0.679516,0.848524,1.01704,1.18605,1.35603,1.52553,1.69602,0.0069,0.228178,0.449939,0.671701,0.893462,1.11669,1.33943,1.56363,1.78786,2.01357,2.23976,0.00642,0.220851,0.434797,0.649231,0.864154,1.08005,1.29547,1.51185,1.72924,1.94761,2.16697,0.00642,0.248693,0.491459,0.733735,0.977477,1.22073,1.46496,1.71019,1.9569,2.2041,2.45227,0.00642,0.29412,0.581824,0.870016,1.15919,1.44884,1.7395,2.03115,2.32476,2.61935,2.91589
74,0.00642,0.178355,0.350782,0.52272,0.695635,0.868062,1.04049,1.21389,1.3873,1.56119,1.73608,0.00642,0.232574,0.45922,0.685378,0.912512,1.14014,1.36776,1.59733,1.82792,2.059,2.29203,0.0069,0.220363,0.434797,0.64972,0.864643,1.07957,1.29595,1.51234,1.72973,1.9481,2.16697,0.00642,0.242832,0.479735,0.716639,0.954031,1.19191,1.43028,1.67013,1.91097,2.15231,2.39463,0.00642,0.280932,0.555447,0.830939,1.10692,1.38339,1.66133,1.94078,2.22168,2.50406,2.78887
75,0.00642,0.174447,0.342478,0.510997,0.679516,0.848524,1.01704,1.18605,1.35603,1.52553,1.69602,0.00642,0.222316,0.437728,0.653139,0.869528,1.08543,1.30279,1.52065,1.7395,1.95983,2.18065,0.00642,0.213524,0.419655,0.626274,0.833381,1.04098,1.24857,1.45763,1.66671,1.87629,2.08734,0.00642,0.241855,0.476805,0.711755,0.94817,1.1841,1.42051,1.65791,1.89632,2.1357,2.37606,0.00642,0.275559,0.545189,0.81482,1.08543,1.3575,1.62958,1.90365,2.17869,2.45667,2.73611
76,0.00642,0.175913,0.34492,0.513928,0.683912,0.853408,1.0229,1.19338,1.36385,1.53481,1.70628,0.0069,0.219874,0.432843,0.646789,0.860735,1.07615,1.29156,1.50843,1.7268,1.94713,2.16892,0.00593,0.213036,0.419655,0.626274,0.833381,1.04049,1.24857,1.45715,1.66622,1.87629,2.08685,0.00642,0.226713,0.447009,0.667305,0.888089,1.10887,1.33112,1.55288,1.77565,1.9994,2.22413,0.00642,0.256997,0.508066,0.759135,1.01069,1.26274,1.51625,1.77076,2.02725,2.28422,2.54363
77,0.00642,0.173959,0.341012,0.508555,0.676585,0.844128,1.01216,1.18068,1.34968,1.5182,1.6882,0.00642,0.212059,0.417212,0.622855,0.828985,1.0356,1.24271,1.4508,1.65987,1.86945,2.08099,0.00642,0.204243,0.401582,0.599897,0.798212,0.996527,1.19484,1.39413,1.5944,1.7947,1.99647,0.00642,0.221828,0.437239,0.652651,0.869039,1.08494,1.30182,1.51869,1.73706,1.95592,2.17527,0.00642,0.243809,0.481201,0.719081,0.957451,1.1968,1.43712,1.67794,1.92123,2.1655,2.41172
78,0.00642,0.174447,0.342478,0.51002,0.678539,0.847058,1.01509,1.18459,1.35359,1.52309,1.69358,0.0069,0.208151,0.409397,0.611132,0.813354,1.01607,1.21878,1.42295,1.62713,1.83232,2.03848,0.00642,0.197893,0.388882,0.580847,0.772812,0.964777,1.15674,1.35017,1.5436,1.73803,1.93247,0.00642,0.21157,0.417212,0.622366,0.828008,1.03414,1.24076,1.44787,1.65498,1.86359,2.07268,0.00642,0.235993,0.46557,0.696124,0.926678,1.15772,1.38974,1.62274,1.85772,2.09271,2.33014
79,0.00642,0.174936,0.343943,0.511974,0.680982,0.849989,1.019,1.18849,1.35848,1.52797,1.69944,0.00642,0.20522,0.403535,0.602828,0.80212,1.00141,1.20168,1.40293,1.60466,1.80692,2.01015,0.00642,0.196916,0.387416,0.578405,0.768905,0.959893,1.15088,1.34285,1.53481,1.72826,1.92123,0.00642,0.207663,0.409397,0.611132,0.812866,1.01509,1.2178,1.421,1.62518,1.83037,2.03555,0.00642,0.225247,0.443589,0.662908,0.883204,1.10252,1.32331,1.54507,1.76832,1.99256,2.21778
80,0.00642,0.176401,0.346874,0.517347,0.68782,0.858781,1.02925,1.2007,1.37313,1.54507,1.718,0.00642,0.206686,0.406955,0.607712,0.808958,1.00972,1.21194,1.41416,1.61736,1.82157,2.02627,0.00642,0.202778,0.399139,0.595501,0.791862,0.988712,1.18556,1.3829,1.58122,1.77956,1.97888,0.00642,0.20522,0.404512,0.603316,0.803097,1.00288,1.20266,1.40342,1.60466,1.80643,2.00868,0.00642,0.221828,0.437239,0.652651,0.869528,1.08543,1.3023,1.52113,1.7395,1.95934,2.18065
81,0.00642,0.173959,0.341501,0.509043,0.676585,0.844616,1.01265,1.18068,1.34968,1.5182,1.68771,0.00642,0.214501,0.422097,0.63067,0.839731,1.04879,1.25932,1.47082,1.68332,1.8973,2.11274,0.00642,0.197405,0.388393,0.57987,0.771347,0.963312,1.15528,1.34773,1.54067,1.73461,1.92856,0.00642,0.207663,0.408909,0.610155,0.811401,1.01314,1.21585,1.41905,1.62176,1.82646,2.03115,0.00642,0.229155,0.451405,0.673655,0.896881,1.1206,1.3448,1.56998,1.79568,2.02236,2.251
82,0.00642,0.172982,0.339059,0.505135,0.671701,0.839243,1.00532,1.17286,1.3404,1.50843,1.67697,0.0069,0.21157,0.416724,0.622855,0.828497,1.03463,1.24173,1.44982,1.65889,1.86896,2.07952,0.00642,0.206197,0.405978,0.606247,0.806516,1.00679,1.20803,1.40928,1.61101,1.81376,2.0165,0.00642,0.221339,0.437239,0.652651,0.868551,1.08494,1.30133,1.51869,1.73706,1.95543,2.17527,0.00642,0.235993,0.466059,0.695635,0.926189,1.15772,1.38974,1.62274,1.85724,2.09271,2.33014
83,0.00642,0.174447,0.342478,0.51002,0.678539,0.847058,1.01558,1.18459,1.35359,1.52358,1.69309,0.00642,0.219386,0.432843,0.646301,0.860247,1.07468,1.2896,1.5055,1.7224,1.94078,2.15964,0.00642,0.21157,0.416724,0.621878,0.82752,1.03267,1.2388,1.44542,1.65254,1.86017,2.06828,0.00642,0.22427,0.442124,0.659489,0.87832,1.09666,1.31549,1.5353,1.75611,1.97742,2.19921,0.00593,0.243809,0.481689,0.71957,0.958427,1.19729,1.43663,1.67794,1.91977,2.16257,2.40733
84,0.00642,0.173959,0.341501,0.509043,0.677074,0.845593,1.01362,1.18263,1.35115,1.52065,1.69113,0.00642,0.229155,0.451405,0.674631,0.898347,1.12304,1.34822,1.57487,1.80252,2.03164,2.26272,0.00642,0.211082,0.415747,0.620412,0.826055,1.03121,1.23734,1.44396,1.65107,1.85919,2.06828,0.00642,0.232086,0.458243,0.683424,0.91007,1.13672,1.36434,1.59245,1.82108,2.05118,2.28226,0.00642,0.261393,0.515882,0.771835,1.0273,1.28423,1.54165,1.80057,2.05998,2.32086,2.58418
85,0.00642,0.174936,0.342966,0.511974,0.680982,0.849501,1.01851,1.188,1.35799,1.52748,1.69846,0.00642,0.229643,0.45287,0.676097,0.900301,1.12499,1.35115,1.5778,1.80643,2.03653,2.26858,0.00642,0.216943,0.426982,0.637508,0.848035,1.05954,1.27104,1.48352,1.69651,1.91,2.12446,0.00642,0.242832,0.478759,0.715174,0.952078,1.18898,1.42637,1.66524,1.90511,2.14547,2.3873,0.00642,0.271162,0.536397,0.80212,1.06735,1.33454,1.60222,1.87091,2.14059,2.41172,2.68482
86,0.0069,0.175424,0.344432,0.512951,0.682447,0.851943,1.02144,1.19142,1.3619,1.53286,1.70432,0.0069,0.23062,0.455312,0.680005,0.905185,1.13037,1.35652,1.58268,1.81034,2.03897,2.26858,0.00642,0.225736,0.444566,0.663885,0.883693,1.1035,1.3238,1.54458,1.76637,1.98865,2.21191,0.00642,0.243809,0.480712,0.718593,0.956962,1.19582,1.43468,1.67501,1.91635,2.15866,2.40195,0.00642,0.278978,0.552028,0.825566,1.10008,1.3746,1.65107,1.92856,2.208,2.48842,2.7708
87,0.00642,0.175913,0.344432,0.513928,0.682935,0.852431,1.02193,1.1924,1.36287,1.53383,1.70481,0.00642,0.229643,0.45287,0.676097,0.899812,1.12499,1.35066,1.57731,1.80545,2.03457,2.26565,0.0069,0.22427,0.442612,0.660466,0.879297,1.09813,1.31696,1.53725,1.75806,1.97986,2.20165,0.0069,0.248693,0.491459,0.733735,0.976989,1.22122,1.46496,1.7097,1.95543,2.20214,2.44983,0.0069,0.278489,0.550562,0.824101,1.09715,1.37167,1.64668,1.92368,2.20165,2.4811,2.762
88,0.00642,0.172982,0.340036,0.506112,0.673166,0.839731,1.00727,1.17482,1.34285,1.51137,1.68039,0.0069,0.232574,0.458732,0.684889,0.912024,1.13965,1.36776,1.59685,1.82743,2.059,2.29252,0.00642,0.221828,0.437239,0.652651,0.869039,1.08543,1.30279,1.52065,1.73999,1.95983,2.18114,0.0069,0.245762,0.485597,0.725431,0.966243,1.20705,1.44835,1.69162,1.9354,2.18016,2.42638,0.00642,0.282886,0.559355,0.836801,1.11522,1.39413,1.67452,1.9569,2.24074,2.52653,2.81477
89,0.00642,0.172005,0.338082,0.50367,0.669747,0.835824,1.0019,1.16847,1.33601,1.50257,1.6711,0.00642,0.227689,0.448962,0.670235,0.892485,1.11522,1.33894,1.56363,1.78933,2.01699,2.2466,0.00642,0.220363,0.434309,0.648255,0.862689,1.07761,1.29302,1.50892,1.72631,1.94468,2.16355,0.00642,0.247716,0.489016,0.730316,0.972593,1.21487,1.45812,1.70188,1.94664,2.19286,2.44006,0.00642,0.281909,0.558378,0.834847,1.11278,1.3912,1.67061,1.9525,2.23634,2.52164,2.81086
90,0.00642,0.172005,0.338082,0.50367,0.669258,0.835335,1.00092,1.16749,1.33454,1.5016,1.66964,0.00593,0.229643,0.453359,0.677074,0.901766,1.12597,1.35213,1.57975,1.8074,2.03751,2.26956,0.00642,0.214989,0.423074,0.631647,0.840708,1.04977,1.25932,1.46985,1.68087,1.8929,2.10541,0.00642,0.241366,0.476316,0.711755,0.947681,1.1841,1.421,1.65889,1.89778,2.13766,2.3785,0.00642,0.273116,0.539816,0.807493,1.07566,1.34529,1.61492,1.88655,2.15964,2.4342,2.71071
91,0.00642,0.172982,0.339059,0.505135,0.671701,0.838266,1.00434,1.17091,1.33894,1.50648,1.67452,0.00642,0.231109,0.455801,0.680493,0.905674,1.13134,1.35897,1.58659,1.81571,2.04581,2.27689,0.00642,0.214013,0.421609,0.629205,0.837778,1.04635,1.25492,1.46447,1.67501,1.88606,2.09808,0.00642,0.234528,0.462639,0.691728,0.920327,1.1499,1.37948,1.61052,1.84209,2.07463,2.30815,0.00642,0.262859,0.519789,0.777208,1.03512,1.294,1.55435,1.8162,2.07952,2.34479,2.61202
92,0.00642,0.174936,0.343455,0.511974,0.680493,0.849012,1.01802,1.188,1.35799,1.52748,1.69797,0.00642,0.217432,0.427959,0.638974,0.850966,1.06296,1.27544,1.48938,1.70335,1.91879,2.13521,0.00642,0.215478,0.424539,0.633112,0.842662,1.0527,1.26225,1.47327,1.68429,1.89583,2.10883,0.00642,0.229643,0.45287,0.676097,0.899812,1.12402,1.34871,1.57438,1.80057,2.02822,2.25686,0.00642,0.254066,0.501716,0.750343,0.999458,1.24906,1.50062,1.75318,2.00722,2.2637,2.52213
93,0.00642,0.174447,0.342478,0.51002,0.678051,0.847058,1.01509,1.1841,1.3531,1.5226,1.69309,0.00642,0.211082,0.415259,0.619435,0.824589,1.02925,1.23441,1.44152,1.64961,1.85821,2.06779,0.00642,0.203755,0.401093,0.598432,0.79577,0.993597,1.19191,1.39072,1.5905,1.79079,1.99158,0.00642,0.221828,0.436751,0.652162,0.868551,1.08445,1.30084,1.51869,1.73657,1.95592,2.17576,0.00642,0.245762,0.485597,0.724943,0.965754,1.20705,1.44933,1.69309,1.93736,2.18407,2.43175
94,0.00642,0.174447,0.341989,0.509532,0.677562,0.846081,1.01411,1.18312,1.35262,1.52211,1.69211,0.00642,0.227201,0.448474,0.670724,0.893462,1.11767,1.34236,1.56949,1.7991,2.0336,2.27396,0.00642,0.202289,0.397674,0.593058,0.788443,0.985293,1.18117,1.3785,1.57633,1.77516,1.97448,0.00642,0.21792,0.429424,0.640928,0.85292,1.06589,1.27837,1.49232,1.70628,1.92123,2.13668,0.00642,0.238924,0.471432,0.704428,0.937912,1.17237,1.40683,1.64375,1.88166,2.12105,2.36238
95,0.00642,0.17347,0.340036,0.507089,0.674143,0.841685,1.00923,1.17677,1.34529,1.51381,1.68283,0.0069,0.211082,0.416235,0.620901,0.826543,1.03219,1.23929,1.44689,1.65449,1.86408,2.07415,0.00642,0.205709,0.404512,0.603805,0.803585,1.00337,1.20364,1.40488,1.60613,1.80887,2.01112,0.00642,0.222316,0.438216,0.654116,0.870504,1.08689,1.30426,1.52211,1.74145,1.96129,2.18162,0.00642,0.251136,0.495855,0.740085,0.985781,1.23197,1.47864,1.7268,1.97644,2.22755,2.48061
96,0.00642,0.17347,0.340524,0.507578,0.675608,0.843151,1.01069,1.17921,1.34724,1.51674,1.68625,0.00642,0.216943,0.426982,0.637508,0.849012,1.06003,1.27251,1.48597,1.69993,1.91586,2.13228,0.00642,0.211082,0.415747,0.620412,0.825566,1.03121,1.23685,1.44347,1.65107,1.85919,2.06828,0.0069,0.229643,0.45287,0.675608,0.899324,1.12353,1.34871,1.57438,1.80105,2.02871,2.25784,0.00642,0.25602,0.505135,0.754739,1.00532,1.25688,1.50892,1.76295,2.01796,2.27493,2.53386
97,0.00642,0.175913,0.345409,0.514905,0.684889,0.854874,1.02486,1.19533,1.36629,1.53774,1.7097,0.0069,0.222805,0.438705,0.654605,0.87197,1.08885,1.30719,1.52553,1.74585,1.96618,2.18846,0.00642,0.214501,0.422585,0.63067,0.839731,1.0483,1.25834,1.46838,1.67941,1.89143,2.10443,0.00642,0.230132,0.454335,0.678539,0.90372,1.12792,1.35359,1.57926,1.80643,2.03457,2.26321,0.00642,0.257486,0.509043,0.760601,1.01265,1.26567,1.51918,1.77418,2.03067,2.28812,2.54705
98,0.00642,0.17347,0.340524,0.507578,0.674631,0.842174,1.00972,1.17775,1.34627,1.51478,1.68381,0.00642,0.220363,0.434309,0.648743,0.862689,1.0781,1.29351,1.50941,1.72777,1.94566,2.16501,0.0069,0.22427,0.441635,0.659978,0.878808,1.09764,1.31696,1.53774,1.75904,1.98181,2.20458,0.00642,0.240389,0.474362,0.707847,0.942308,1.17726,1.4127,1.64912,1.88655,2.12446,2.36385,0.00642,0.279466,0.552516,0.826055,1.10057,1.37655,1.65303,1.93198,2.2124,2.49526,2.78057
99,0.00642,0.172982,0.340524,0.507089,0.674143,0.841685,1.00825,1.17628,1.3448,1.51283,1.68185,0.00642,0.23062,0.454824,0.679516,0.904208,1.12988,1.35603,1.58366,1.8118,2.04141,2.27249,0.00642,0.222805,0.439193,0.655093,0.872458,1.08885,1.30719,1.52602,1.74536,1.96569,2.187,0.00642,0.248693,0.49097,0.733735,0.976501,1.21975,1.46398,1.70921,1.95592,2.20263,2.45227,0.00642,0.282886,0.56082,0.837778,1.11669,1.3956,1.67648,1.95885,2.24318,2.52946,2.81819
100,0.0069,0.17347,0.340036,0.506601,0.673655,0.841197,1.00825,1.17579,1.34431,1.51234,1.68185,0.0069,0.228666,0.451405,0.674143,0.89737,1.12109,1.34578,1.57145,1.79861,2.02627,2.25588,0.0069,0.233063,0.458732,0.685378,0.912512,1.13965,1.36727,1.59636,1.82646,2.05705,2.28959,0.00642,0.257974,0.51002,0.762555,1.01558,1.26958,1.52358,1.77956,2.03604,2.29448,2.55389,0.00642,0.287282,0.568147,0.850478,1.13281,1.41709,1.70139,1.98865,2.27738,2.56757,2.86167
101,0.00642,0.171516,0.336128,0.500739,0.665351,0.830451,0.996039,1.16163,1.32722,1.49329,1.65987,0.0069,0.235993,0.466059,0.695635,0.926678,1.15772,1.39023,1.6242,1.85968,2.09564,2.33454,0.00642,0.223293,0.44017,0.657047,0.873924,1.09178,1.30963,1.52895,1.74878,1.9696,2.19091,0.00642,0.250647,0.495366,0.740085,0.985293,1.23099,1.47717,1.72435,1.97253,2.22168,2.47181,0.00642,0.290701,0.575474,0.861224,1.14746,1.43468,1.72338,2.01454,2.30718,2.60274,2.90075
102,0.00642,0.173959,0.341012,0.508066,0.676097,0.844128,1.01167,1.18019,1.3492,1.51869,1.6882,0.0069,0.23697,0.467524,0.699055,0.930585,1.16358,1.39609,1.63104,1.86701,2.10443,2.34284,0.00642,0.231109,0.456289,0.68147,0.907139,1.1333,1.36043,1.58805,1.81718,2.04874,2.28031,0.0069,0.255043,0.504158,0.753274,1.00337,1.25395,1.50502,1.75757,2.01064,2.26565,2.52164,0.00642,0.302912,0.599897,0.89737,1.1968,1.49671,1.79763,2.10102,2.40635,2.71462,3.02484
103,0.00642,0.175913,0.34492,0.513439,0.682935,0.85292,1.02193,1.19289,1.36287,1.53383,1.7053,0.0069,0.240878,0.474851,0.709801,0.944751,1.18068,1.41807,1.65596,1.89583,2.13619,2.37899,0.0069,0.227689,0.449939,0.671701,0.894439,1.11669,1.3404,1.5651,1.78982,2.01601,2.24367,0.0069,0.253578,0.501228,0.749366,0.997993,1.24662,1.49573,1.74683,1.99793,2.25002,2.50406,0.00642,0.297539,0.588174,0.879785,1.17189,1.46496,1.75953,2.05509,2.3531,2.65257,2.95449
104,0.00642,0.17347,0.340524,0.508066,0.67512,0.843151,1.01069,1.17921,1.34773,1.51674,1.68674,0.0069,0.239413,0.472409,0.705405,0.939866,1.17482,1.41123,1.64912,1.88801,2.12935,2.37313,0.00642,0.224759,0.442612,0.660955,0.879785,1.0991,1.31842,1.53921,1.76099,1.98377,2.20752,0.00642,0.254066,0.501716,0.750343,0.999458,1.24857,1.49867,1.75073,2.00331,2.25784,2.51285,0.0069,0.284351,0.562285,0.841197,1.1206,1.40097,1.68185,1.9652,2.24953,2.53581,2.82405
105,0.00642,0.177378,0.348828,0.519789,0.691239,0.863178,1.03463,1.20657,1.37899,1.55191,1.72484,0.00642,0.235505,0.464593,0.69417,0.924235,1.1543,1.38534,1.61785,1.85088,2.08538,2.32135,0.0069,0.24332,0.480224,0.718105,0.955497,1.19435,1.43468,1.67648,1.92075,2.17088,2.42833,0.00642,0.250647,0.495366,0.740574,0.985781,1.23148,1.47766,1.72533,1.97448,2.22413,2.47523,0.00642,0.287282,0.569612,0.851454,1.13427,1.41807,1.70384,1.99109,2.27982,2.57099,2.86362
106,0.00642,0.178843,0.35127,0.523697,0.696612,0.869528,1.04244,1.21634,1.38974,1.56461,1.7395,0.0069,0.246739,0.487062,0.728362,0.970151,1.2134,1.45763,1.70432,1.94957,2.21289,2.49868,0.00642,0.23697,0.467524,0.699055,0.931074,1.16358,1.39658,1.63153,1.86749,2.10492,2.34431,0.00642,0.246251,0.485597,0.72592,0.966243,1.20754,1.44835,1.69113,1.93442,2.17869,2.42394,0.00642,0.283374,0.56082,0.838754,1.11767,1.39755,1.67843,1.96129,2.24562,2.53142,2.81965
107,0.00642,0.181774,0.357132,0.532489,0.707847,0.883204,1.05954,1.23587,1.4127,1.59001,1.76832,0.00642,0.232574,0.458732,0.685866,0.913001,1.14111,1.3702,1.59978,1.83134,2.06437,2.29838,0.00642,0.223782,0.440659,0.658512,0.876366,1.0952,1.31452,1.5353,1.7566,1.97986,2.2041,0.00642,0.240878,0.475828,0.710778,0.946704,1.18214,1.41856,1.65645,1.89534,2.13521,2.37606,0.00642,0.274582,0.543235,0.812378,1.08201,1.35262,1.6242,1.8973,2.17136,2.44788,2.72585
108,0.00642,0.180309,0.354201,0.528093,0.701985,0.876366,1.05026,1.22562,1.40097,1.57682,1.75269,0.0069,0.257486,0.509532,0.763043,1.01655,1.273,1.53139,1.79128,2.05558,2.32623,2.59639,0.00642,0.221339,0.436751,0.651674,0.868551,1.08494,1.3023,1.52113,1.74145,1.96325,2.18553,0.00642,0.252112,0.498785,0.745947,0.993597,1.24125,1.48987,1.73999,1.99158,2.24416,2.4982,0.0069,0.276047,0.544701,0.81482,1.08543,1.35701,1.62958,1.90365,2.17918,2.45667,2.73611
109,0.00642,0.182751,0.359086,0.534932,0.711755,0.888578,1.06491,1.24271,1.42051,1.5988,1.77809,0.0069,0.238436,0.470455,0.703451,0.937424,1.17189,1.40732,1.64423,1.88362,2.12495,2.36873,0.00642,0.222316,0.437728,0.653628,0.870016,1.08689,1.30377,1.52211,1.74145,1.96129,2.18211,0.00642,0.238436,0.470943,0.702962,0.93547,1.16895,1.40244,1.63739,1.87287,2.10932,2.34675,0.0069,0.28142,0.556912,0.832404,1.10936,1.38681,1.66622,1.94664,2.2295,2.51383,2.80109
110,0.00642,0.182751,0.359574,0.535909,0.71322,0.890043,1.06735,1.24564,1.42393,1.6032,1.78298,0.00642,0.241366,0.476805,0.712243,0.949147,1.18556,1.42344,1.6628,1.90365,2.14498,2.38876,0.00642,0.226224,0.446032,0.665839,0.886624,1.1079,1.33063,1.55337,1.77809,2.00331,2.23097,0.00642,0.246251,0.486085,0.72592,0.966731,1.20754,1.44982,1.69211,1.93589,2.18065,2.42687,0.00642,0.286793,0.567658,0.849501,1.13183,1.41514,1.69993,1.9867,2.27493,2.56561,2.85873
111,0.00642,0.182751,0.359086,0.53542,0.712243,0.889554,1.06687,1.24467,1.42295,1.60222,1.782,0.00642,0.244297,0.482666,0.721524,0.961358,1.20168,1.44347,1.68625,1.93149,2.17772,2.42638,0.00642,0.233551,0.460685,0.68782,0.915443,1.14404,1.37313,1.6032,1.83427,2.06633,2.29985,0.0069,0.26872,0.531024,0.795281,1.06833,1.35945,1.66524,1.92905,2.15622,2.42882,2.67456,0.00642,0.295097,0.584266,0.874412,1.16554,1.4591,1.75318,2.05021,2.3487,2.65062,2.95547
112,0.0069,0.181286,0.355666,0.530535,0.705893,0.881251,1.05661,1.23294,1.41025,1.58757,1.76588,0.0069,0.239413,0.471432,0.704428,0.937912,1.17189,1.40635,1.64228,1.87922,2.11665,2.35652,0.0069,0.23062,0.454335,0.678539,0.90372,1.1289,1.35457,1.5817,1.80936,2.03799,2.26761,0.0069,0.250647,0.495366,0.739597,0.984804,1.2305,1.47668,1.72387,1.97204,2.22119,2.47181,0.0069,0.303889,0.601362,0.899324,1.19924,1.50013,1.80301,2.10834,2.41563,2.72585,3.039
113,0.00642,0.183239,0.360062,0.536885,0.714197,0.89102,1.06882,1.24711,1.4254,1.60417,1.78347,0.00642,0.243809,0.481201,0.718593,0.957939,1.1968,1.43761,1.67941,1.92319,2.16843,2.41563,0.00642,0.236482,0.466547,0.696612,0.927166,1.15821,1.38974,1.62323,1.85626,2.09124,2.32721,0.00642,0.261393,0.516859,0.772812,1.02925,1.28814,1.55044,1.82743,2.09564,2.36531,2.61838,0.0069,0.304866,0.603805,0.903231,1.20364,1.50453,1.8074,2.11176,2.41759,2.72634,3.03656
114,0.00642,0.182751,0.359574,0.536397,0.712731,0.890043,1.06735,1.24564,1.42393,1.60271,1.78249,0.00642,0.24967,0.492924,0.736666,0.981385,1.22659,1.47229,1.71996,1.96862,2.21826,2.47035,0.00642,0.236482,0.466059,0.697101,0.928143,1.15967,1.39169,1.62469,1.85968,2.09466,2.3316,0.0069,0.252601,0.499762,0.747412,0.994574,1.24271,1.49183,1.74194,1.99305,2.24513,2.49917,0.00642,0.297051,0.588662,0.880762,1.17335,1.4674,1.76246,2.05949,2.35896,2.6599,2.96377
115,0.00642,0.184216,0.362016,0.540305,0.718593,0.89737,1.07615,1.25541,1.43517,1.61541,1.79617,0.00642,0.241855,0.47827,0.713708,0.950612,1.188,1.42637,1.66573,1.90609,2.14791,2.39121,0.00642,0.234039,0.461174,0.688797,0.916908,1.146,1.37557,1.60613,1.83721,2.06975,2.30376,0.00642,0.265301,0.523697,0.783558,1.04342,1.30524,1.56852,1.83525,2.1059,2.38046,2.66918,0.00642,0.298028,0.589639,0.882716,1.17628,1.47131,1.76783,2.06633,2.36776,2.67065,2.97647
116,0.0069,0.182263,0.358109,0.533466,0.709801,0.886135,1.06247,1.23978,1.41709,1.59489,1.7737,0.00642,0.247228,0.487551,0.728851,0.971616,1.21438,1.45812,1.70384,1.95103,2.1997,2.45081,0.00642,0.23697,0.468501,0.699543,0.930585,1.1626,1.3956,1.62909,1.86408,2.09955,2.33649,0.00642,0.269209,0.532489,0.79577,1.05954,1.32526,1.5905,1.85821,2.12642,2.39756,2.66918,0.00642,0.292166,0.578405,0.86562,1.15332,1.44249,1.73217,2.0248,2.3189,2.61544,2.91492
117,0.00642,0.184216,0.362016,0.539816,0.718105,0.896393,1.07566,1.25444,1.43517,1.61541,1.79666,0.0069,0.248693,0.491947,0.735689,0.979431,1.22366,1.46887,1.71507,1.96325,2.21191,2.46204,0.00642,0.235016,0.463128,0.692216,0.921304,1.15088,1.38143,1.61248,1.84502,2.07805,2.31206,0.00642,0.26872,0.531024,0.794304,1.05807,1.32282,1.58805,1.85528,2.12349,2.39316,2.66576,0.00642,0.295097,0.584266,0.874412,1.16554,1.45812,1.75171,2.04776,2.34626,2.64671,2.95107
